{"stats":{"minecraft:crafted":{"minecraft:oak_planks":20,"minecraft:crafting_table":1,"minecraft:stick":4,"minecraft:wooden_pickaxe":1,"minecraft:stone_pickaxe":1},"minecraft:custom":{"minecraft:open_barrel":1,"minecraft:time_since_rest":5882,"minecraft:crouch_one_cm":1281,"minecraft:play_time":5882,"minecraft:sprint_one_cm":8376,"minecraft:damage_taken":50,"minecraft:walk_one_cm":5584,"minecraft:sneak_time":411,"minecraft:jump":44,"minecraft:time_since_death":5882,"minecraft:total_world_time":5882,"minecraft:interact_with_crafting_table":2,"minecraft:fall_one_cm":3177,"minecraft:fly_one_cm":10702},"minecraft:used":{"minecraft:crafting_table":1,"minecraft:oak_sapling":1,"minecraft:stone_pickaxe":5,"minecraft:birch_sapling":1,"minecraft:wooden_pickaxe":9},"minecraft:picked_up":{"minecraft:birch_log":18,"minecraft:stick":10,"minecraft:oak_log":5,"minecraft:oak_sapling":7,"minecraft:birch_sapling":7,"minecraft:cobblestone":13},"minecraft:mined":{"minecraft:oak_log":5,"minecraft:birch_log":18,"minecraft:stone":14,"minecraft:birch_leaves":1}},"DataVersion":3465}