{"stats":{"minecraft:crafted":{"minecraft:oak_planks":40,"minecraft:crafting_table":2,"minecraft:stick":4,"minecraft:wooden_pickaxe":1,"minecraft:stone_pickaxe":2,"minecraft:furnace":1,"minecraft:stone_axe":1,"minecraft:air":0,"minecraft:cooked_mutton":1},"minecraft:custom":{"minecraft:time_since_rest":17882,"minecraft:interact_with_furnace":4,"minecraft:sprint_one_cm":29621,"minecraft:damage_taken":153,"minecraft:walk_one_cm":21995,"minecraft:mob_kills":3,"minecraft:damage_dealt":478,"minecraft:interact_with_crafting_table":6,"minecraft:fly_one_cm":17302,"minecraft:open_barrel":3,"minecraft:crouch_one_cm":9246,"minecraft:play_time":17882,"minecraft:sneak_time":4428,"minecraft:jump":116,"minecraft:time_since_death":17882,"minecraft:total_world_time":17882,"minecraft:fall_one_cm":4882},"minecraft:broken":{"minecraft:stone_pickaxe":1,"minecraft:wooden_pickaxe":1},"minecraft:used":{"minecraft:cooked_mutton":1,"minecraft:bread":1,"minecraft:stone_pickaxe":130,"minecraft:birch_sapling":1,"minecraft:leather_helmet":1,"minecraft:wooden_pickaxe":68,"minecraft:stone_axe":9,"minecraft:dirt":9,"minecraft:cobblestone":12,"minecraft:potion":1,"minecraft:written_book":1,"minecraft:crafting_table":3,"minecraft:oak_sapling":1,"minecraft:furnace":1,"minecraft:cobbled_deepslate":1},"minecraft:picked_up":{"minecraft:birch_log":18,"minecraft:stick":15,"minecraft:crafting_table":2,"minecraft:andesite":9,"minecraft:gravel":4,"minecraft:flint":1,"minecraft:oak_log":10,"minecraft:diorite":1,"minecraft:dirt":9,"minecraft:rotten_flesh":1,"minecraft:cobbled_deepslate":1,"minecraft:gray_wool":1,"minecraft:oak_sapling":10,"minecraft:birch_sapling":7,"minecraft:mutton":5,"minecraft:rail":6,"minecraft:white_wool":2,"minecraft:cobblestone":174},"minecraft:killed":{"minecraft:zombie":3},"minecraft:mined":{"minecraft:birch_log":18,"minecraft:andesite":9,"minecraft:birch_leaves":1,"minecraft:crafting_table":2,"minecraft:grass_block":3,"minecraft:oak_log":10,"minecraft:rail":3,"minecraft:gravel":5,"minecraft:dirt":6,"minecraft:stone":174,"minecraft:deepslate":1,"minecraft:diorite":1}},"DataVersion":3465}