{"stats":{"minecraft:picked_up":{"minecraft:crafting_table":4,"minecraft:wheat":2,"minecraft:string":4,"minecraft:experience_bottle":4,"minecraft:gold_nugget":90,"minecraft:cobbled_deepslate":131,"minecraft:rose_bush":1,"minecraft:birch_sapling":7,"minecraft:furnace":1,"minecraft:stick":84,"minecraft:raw_iron":57,"minecraft:torch":23,"minecraft:fire_charge":1,"minecraft:diorite":1,"minecraft:redstone":9,"gobber2:gobber2_foo":1,"minecraft:arrow":6,"minecraft:rotten_flesh":4,"minecraft:gold_ingot":9,"minecraft:rail":25,"minecraft:glow_berries":6,"minecraft:mutton":6,"minecraft:white_wool":8,"minecraft:cobblestone":199,"minecraft:birch_log":18,"minecraft:basalt":4,"minecraft:andesite":9,"gobber2:gobber2_gooey_beefstew":5,"biomesoplenty:fir_sapling":163,"minecraft:birch_planks":5,"biomesoplenty:fir_log":259,"minecraft:flint":2,"minecraft:tuff":32,"minecraft:oak_log":10,"scalinghealth:heart_crystal":3,"mca:book_romance":1,"minecraft:dirt":9,"minecraft:bone":5,"farmersdelight:cooking_pot":2,"gobber2:gobber2_gooey_beef":2,"minecraft:wheat_seeds":4,"minecraft:raw_gold":14,"minecraft:warped_stem":4,"minecraft:iron_ingot":74,"minecraft:cobweb":5,"minecraft:oak_planks":3,"minecraft:soul_sand":4,"gobber2:gobber2_gooey_bread":6,"scalinghealth:heart_crystal_shard":3,"minecraft:quartz":14,"minecraft:raw_iron_block":2,"minecraft:gravel":29,"minecraft:sand":27,"minecraft:spruce_sapling":1,"minecraft:spruce_log":34,"minecraft:barrel":1,"minecraft:diamond":10,"minecraft:golden_apple":1,"minecraft:gray_wool":1,"minecraft:emerald":6,"minecraft:bread":1,"minecraft:oak_sapling":10,"minecraft:melon_seeds":4,"minecraft:netherrack":121,"minecraft:coal":17,"gobber2:gobber2_goo":3},"minecraft:dropped":{"biomesoplenty:fir_log":260,"farmersdelight:tomato_seeds":4,"minecraft:iron_ingot":1,"minecraft:bread":2,"minecraft:warped_stem":4,"minecraft:soul_sand":4,"minecraft:glass_bottle":1,"travelersbackpack:iron_tier_upgrade":1,"minecraft:stick":2,"minecraft:flint":1,"minecraft:cobweb":8,"minecraft:gray_wool":1,"mca:book_romance":1,"minecraft:diorite":1,"farmersdelight:cooking_pot":1,"minecraft:rose_bush":1,"minecraft:gold_nugget":6,"minecraft:string":8,"minecraft:white_wool":2,"minecraft:spruce_sapling":1,"minecraft:gold_ingot":13,"minecraft:bone":5,"minecraft:gravel":21,"minecraft:cobbled_deepslate":46,"minecraft:tuff":16,"minecraft:rotten_flesh":4,"minecraft:andesite":9,"minecraft:melon_seeds":4,"minecraft:leather_leggings":1,"minecraft:barrel":1,"minecraft:spruce_log":34,"minecraft:arrow":6,"minecraft:stone_pickaxe":1,"minecraft:quartz":10},"minecraft:mined":{"minecraft:nether_gold_ore":19,"minecraft:stripped_warped_stem":1,"minecraft:tuff":6,"minecraft:deepslate_diamond_ore":9,"minecraft:allium":2,"biomesoplenty:bush":24,"minecraft:grass_block":4,"minecraft:spruce_leaves":2,"minecraft:spawner":1,"minecraft:raw_iron_block":2,"minecraft:furnace":1,"minecraft:fire":3,"minecraft:iron_ore":6,"minecraft:barrel":1,"minecraft:andesite":9,"minecraft:deepslate_iron_ore":46,"minecraft:rail":3,"minecraft:warped_stem":3,"minecraft:stone":176,"minecraft:deepslate_redstone_ore":1,"minecraft:basalt":17,"minecraft:crafting_table":4,"minecraft:torch":13,"minecraft:nether_quartz_ore":18,"minecraft:cobblestone":5,"minecraft:deepslate_gold_ore":14,"minecraft:oak_planks":2,"minecraft:diorite":1,"minecraft:wall_torch":2,"minecraft:warped_nylium":1,"minecraft:birch_log":18,"minecraft:wheat":2,"minecraft:spruce_log":12,"minecraft:birch_leaves":1,"biomesoplenty:fir_log":523,"gobber2:gobber2_lucky_block_deepslate":16,"minecraft:grass":31,"minecraft:oak_log":12,"minecraft:coal_ore":7,"minecraft:gravel":28,"minecraft:sand":20,"minecraft:dirt":6,"biomesoplenty:fir_sapling":1,"minecraft:netherrack":164,"minecraft:oak_leaves":16,"minecraft:fern":7,"minecraft:deepslate":82},"minecraft:crafted":{"minecraft:oak_planks":40,"minecraft:raw_iron":18,"minecraft:furnace":2,"minecraft:cooked_mutton":1,"minecraft:iron_axe":2,"minecraft:stone_pickaxe":2,"minecraft:golden_boots":1,"minecraft:crafting_table":2,"minecraft:wooden_pickaxe":1,"minecraft:iron_helmet":1,"minecraft:iron_sword":1,"minecraft:birch_planks":72,"minecraft:stone_axe":1,"minecraft:air":0,"minecraft:iron_chestplate":1,"minecraft:stick":8,"minecraft:iron_ingot":19,"minecraft:iron_pickaxe":2,"minecraft:gold_ingot":9,"minecraft:iron_leggings":1,"minecraft:shears":1},"minecraft:used":{"gobber2:gobber2_goo":3,"gobber2:gobber2_gooey_bread":6,"minecraft:iron_sword":11,"minecraft:netherrack":89,"minecraft:iron_chestplate":1,"minecraft:torch":24,"minecraft:dirt":9,"scalinghealth:heart_crystal":3,"biomesoplenty:fir_sapling":65,"minecraft:iron_axe":5,"minecraft:birch_sapling":1,"gobber2:gobber2_gooey_beef":2,"minecraft:basalt":4,"minecraft:written_book":3,"minecraft:oak_sapling":1,"minecraft:furnace":3,"minecraft:cobbled_deepslate":3,"minecraft:cooked_mutton":1,"minecraft:birch_planks":61,"minecraft:stone_pickaxe":230,"minecraft:oak_planks":8,"minecraft:wooden_pickaxe":68,"minecraft:glow_berries":7,"minecraft:sand":2,"minecraft:crafting_table":5,"gobber2:gobber2_gooey_beefstew":4,"minecraft:bread":10,"minecraft:iron_pickaxe":371,"minecraft:leather_helmet":1,"minecraft:gravel":8,"minecraft:stone_axe":68,"minecraft:fire_charge":1,"minecraft:cobblestone":174,"minecraft:potion":1,"minecraft:experience_bottle":2},"minecraft:custom":{"minecraft:interact_with_smithing_table":1,"minecraft:mob_kills":23,"minecraft:interact_with_crafting_table":34,"minecraft:open_barrel":11,"minecraft:leave_game":3,"minecraft:time_since_death":144830,"minecraft:sprint_one_cm":290573,"minecraft:walk_one_cm":156465,"minecraft:drop":82,"minecraft:talked_to_villager":1,"minecraft:play_time":144830,"minecraft:sneak_time":22130,"minecraft:walk_under_water_one_cm":7089,"minecraft:jump":2450,"minecraft:walk_on_water_one_cm":22825,"minecraft:total_world_time":144830,"minecraft:interact_with_furnace":41,"minecraft:sleep_in_bed":1,"minecraft:time_since_rest":20238,"minecraft:damage_taken":2599,"minecraft:damage_dealt":4670,"minecraft:swim_one_cm":7895,"minecraft:fly_one_cm":486283,"minecraft:open_chest":13,"minecraft:crouch_one_cm":64187,"minecraft:fall_one_cm":89235},"minecraft:killed":{"mca:female_zombie_villager":1,"mca:male_zombie_villager":1,"minecraft:skeleton":6,"minecraft:creeper":1,"minecraft:sheep":1,"minecraft:zombie":10},"minecraft:broken":{"minecraft:leather_helmet":1,"minecraft:wooden_pickaxe":1,"minecraft:stone_pickaxe":1,"minecraft:iron_axe":1,"minecraft:stone_axe":1,"minecraft:iron_pickaxe":1}},"DataVersion":3465}