{"stats":{"minecraft:crafted":{"minecraft:oak_planks":40,"minecraft:raw_iron":18,"minecraft:crafting_table":2,"minecraft:iron_helmet":1,"minecraft:wooden_pickaxe":1,"minecraft:iron_sword":1,"minecraft:furnace":2,"minecraft:birch_planks":72,"minecraft:stone_axe":1,"minecraft:cooked_mutton":1,"minecraft:air":0,"minecraft:iron_chestplate":1,"minecraft:stick":8,"minecraft:iron_ingot":19,"minecraft:iron_pickaxe":2,"minecraft:stone_pickaxe":2,"minecraft:gold_ingot":9,"minecraft:iron_leggings":1,"minecraft:golden_boots":1},"minecraft:broken":{"minecraft:stone_pickaxe":1,"minecraft:iron_pickaxe":1,"minecraft:leather_helmet":1,"minecraft:wooden_pickaxe":1},"minecraft:custom":{"minecraft:interact_with_smithing_table":1,"minecraft:interact_with_furnace":33,"minecraft:mob_kills":22,"minecraft:interact_with_crafting_table":32,"minecraft:open_barrel":11,"minecraft:time_since_death":95882,"minecraft:time_since_rest":95882,"minecraft:sprint_one_cm":196771,"minecraft:damage_taken":2053,"minecraft:walk_one_cm":86808,"minecraft:drop":65,"minecraft:damage_dealt":4271,"minecraft:swim_one_cm":6982,"minecraft:fly_one_cm":335649,"minecraft:open_chest":8,"minecraft:crouch_one_cm":40908,"minecraft:play_time":95882,"minecraft:sneak_time":15945,"minecraft:walk_under_water_one_cm":4116,"minecraft:jump":1784,"minecraft:walk_on_water_one_cm":12268,"minecraft:total_world_time":95882,"minecraft:fall_one_cm":66100},"minecraft:dropped":{"minecraft:gravel":19,"minecraft:bread":2,"minecraft:soul_sand":4,"minecraft:glass_bottle":1,"minecraft:cobbled_deepslate":46,"minecraft:tuff":16,"minecraft:rotten_flesh":4,"travelersbackpack:iron_tier_upgrade":1,"minecraft:stick":2,"minecraft:flint":1,"minecraft:cobweb":8,"minecraft:gray_wool":1,"minecraft:diorite":1,"farmersdelight:cooking_pot":1,"minecraft:melon_seeds":4,"minecraft:andesite":9,"minecraft:rose_bush":1,"minecraft:gold_nugget":6,"minecraft:leather_leggings":1,"minecraft:barrel":1,"minecraft:arrow":6,"minecraft:iron_ingot":1,"minecraft:quartz":10,"minecraft:gold_ingot":13,"minecraft:string":8,"minecraft:bone":5},"minecraft:used":{"minecraft:cooked_mutton":1,"gobber2:gobber2_goo":3,"minecraft:birch_planks":54,"minecraft:stone_pickaxe":230,"gobber2:gobber2_gooey_bread":4,"minecraft:wooden_pickaxe":68,"minecraft:iron_sword":9,"minecraft:netherrack":37,"minecraft:iron_chestplate":1,"minecraft:torch":9,"minecraft:glow_berries":7,"minecraft:dirt":9,"scalinghealth:heart_crystal":3,"minecraft:crafting_table":5,"gobber2:gobber2_gooey_beefstew":4,"minecraft:bread":8,"minecraft:birch_sapling":1,"minecraft:iron_pickaxe":264,"minecraft:leather_helmet":1,"minecraft:stone_axe":57,"minecraft:fire_charge":1,"minecraft:cobblestone":166,"minecraft:potion":1,"minecraft:written_book":2,"minecraft:furnace":2,"minecraft:oak_sapling":1,"minecraft:cobbled_deepslate":3},"minecraft:picked_up":{"minecraft:birch_log":18,"minecraft:crafting_table":4,"minecraft:andesite":9,"gobber2:gobber2_gooey_beefstew":5,"minecraft:birch_planks":5,"minecraft:flint":2,"minecraft:tuff":32,"minecraft:oak_log":10,"scalinghealth:heart_crystal":3,"minecraft:dirt":9,"minecraft:string":4,"minecraft:experience_bottle":4,"minecraft:bone":5,"farmersdelight:cooking_pot":2,"gobber2:gobber2_gooey_beef":2,"minecraft:gold_nugget":90,"minecraft:cobbled_deepslate":80,"minecraft:raw_gold":14,"minecraft:iron_ingot":10,"minecraft:cobweb":5,"minecraft:rose_bush":1,"minecraft:soul_sand":4,"minecraft:birch_sapling":7,"minecraft:oak_planks":2,"gobber2:gobber2_gooey_bread":6,"minecraft:furnace":1,"minecraft:stick":17,"minecraft:raw_iron":57,"scalinghealth:heart_crystal_shard":3,"minecraft:quartz":10,"minecraft:fire_charge":1,"minecraft:torch":12,"minecraft:raw_iron_block":2,"minecraft:gravel":29,"minecraft:diorite":1,"minecraft:redstone":9,"minecraft:barrel":1,"gobber2:gobber2_foo":1,"minecraft:diamond":10,"minecraft:arrow":6,"minecraft:rotten_flesh":4,"minecraft:netherrack":55,"minecraft:bread":1,"minecraft:golden_apple":1,"minecraft:gray_wool":1,"minecraft:gold_ingot":9,"minecraft:emerald":6,"minecraft:glow_berries":6,"minecraft:melon_seeds":4,"minecraft:oak_sapling":10,"minecraft:coal":17,"minecraft:white_wool":2,"minecraft:mutton":5,"gobber2:gobber2_goo":3,"minecraft:rail":25,"minecraft:cobblestone":199},"minecraft:killed":{"mca:female_zombie_villager":1,"mca:male_zombie_villager":1,"minecraft:creeper":1,"minecraft:skeleton":6,"minecraft:zombie":10},"minecraft:mined":{"minecraft:deepslate_redstone_ore":1,"minecraft:tuff":6,"minecraft:deepslate_diamond_ore":9,"minecraft:basalt":2,"minecraft:crafting_table":4,"minecraft:torch":6,"minecraft:grass_block":3,"minecraft:nether_quartz_ore":7,"minecraft:cobblestone":5,"minecraft:deepslate_gold_ore":14,"minecraft:oak_planks":1,"minecraft:diorite":1,"minecraft:spawner":1,"minecraft:raw_iron_block":2,"minecraft:furnace":1,"minecraft:birch_log":18,"minecraft:iron_ore":6,"minecraft:barrel":1,"minecraft:birch_leaves":1,"minecraft:andesite":9,"gobber2:gobber2_lucky_block_deepslate":16,"minecraft:coal_ore":7,"minecraft:oak_log":11,"minecraft:deepslate_iron_ore":46,"minecraft:rail":3,"minecraft:gravel":28,"minecraft:dirt":6,"minecraft:stone":176,"minecraft:netherrack":97,"minecraft:deepslate":79,"minecraft:nether_gold_ore":19}},"DataVersion":3465}