{"stats":{"minecraft:crafted":{"minecraft:oak_planks":40,"minecraft:crafting_table":2,"minecraft:wooden_pickaxe":1,"minecraft:furnace":2,"minecraft:stone_axe":1,"minecraft:cooked_mutton":1,"minecraft:air":0,"minecraft:iron_chestplate":1,"minecraft:stick":4,"minecraft:iron_ingot":14,"minecraft:iron_pickaxe":1,"minecraft:stone_pickaxe":2,"minecraft:iron_leggings":1},"minecraft:broken":{"minecraft:stone_pickaxe":1,"minecraft:wooden_pickaxe":1},"minecraft:custom":{"minecraft:interact_with_smithing_table":1,"minecraft:interact_with_furnace":17,"minecraft:mob_kills":13,"minecraft:interact_with_crafting_table":15,"minecraft:open_barrel":8,"minecraft:time_since_death":41882,"minecraft:time_since_rest":41882,"minecraft:sprint_one_cm":93677,"minecraft:damage_taken":948,"minecraft:walk_one_cm":45766,"minecraft:drop":27,"minecraft:damage_dealt":2241,"minecraft:swim_one_cm":841,"minecraft:fly_one_cm":85162,"minecraft:open_chest":1,"minecraft:crouch_one_cm":24048,"minecraft:play_time":41882,"minecraft:sneak_time":9967,"minecraft:walk_under_water_one_cm":917,"minecraft:jump":611,"minecraft:walk_on_water_one_cm":4308,"minecraft:total_world_time":41882,"minecraft:fall_one_cm":19032},"minecraft:dropped":{"minecraft:gravel":5,"minecraft:cobbled_deepslate":7,"minecraft:rotten_flesh":4,"travelersbackpack:iron_tier_upgrade":1,"minecraft:flint":1,"minecraft:cobweb":8,"minecraft:gray_wool":1,"minecraft:diorite":1,"farmersdelight:cooking_pot":1,"minecraft:andesite":9,"minecraft:rose_bush":1,"minecraft:leather_leggings":1,"minecraft:barrel":1,"minecraft:string":8,"minecraft:bone":4},"minecraft:used":{"minecraft:cooked_mutton":1,"minecraft:stone_pickaxe":149,"gobber2:gobber2_gooey_bread":1,"minecraft:wooden_pickaxe":68,"minecraft:iron_chestplate":1,"minecraft:torch":4,"minecraft:glow_berries":5,"minecraft:dirt":9,"scalinghealth:heart_crystal":3,"minecraft:crafting_table":4,"minecraft:bread":8,"minecraft:birch_sapling":1,"minecraft:iron_pickaxe":48,"minecraft:leather_helmet":1,"minecraft:stone_axe":37,"minecraft:cobblestone":138,"minecraft:potion":1,"minecraft:written_book":2,"minecraft:furnace":2,"minecraft:oak_sapling":1,"minecraft:cobbled_deepslate":2},"minecraft:picked_up":{"minecraft:birch_log":18,"minecraft:crafting_table":3,"minecraft:andesite":9,"gobber2:gobber2_gooey_beefstew":3,"minecraft:flint":1,"minecraft:oak_log":10,"scalinghealth:heart_crystal":3,"minecraft:dirt":9,"minecraft:string":4,"minecraft:experience_bottle":4,"minecraft:bone":4,"farmersdelight:cooking_pot":2,"gobber2:gobber2_gooey_beef":2,"minecraft:cobbled_deepslate":11,"minecraft:raw_gold":4,"minecraft:iron_ingot":10,"minecraft:cobweb":5,"minecraft:rose_bush":1,"minecraft:birch_sapling":7,"minecraft:oak_planks":2,"gobber2:gobber2_gooey_bread":2,"minecraft:furnace":1,"minecraft:stick":17,"minecraft:raw_iron":27,"minecraft:torch":8,"minecraft:gravel":5,"minecraft:diorite":1,"minecraft:redstone":5,"minecraft:barrel":1,"minecraft:diamond":1,"minecraft:arrow":4,"minecraft:rotten_flesh":4,"minecraft:golden_apple":1,"minecraft:gray_wool":1,"minecraft:gold_ingot":3,"minecraft:emerald":6,"minecraft:glow_berries":6,"minecraft:melon_seeds":4,"minecraft:oak_sapling":10,"minecraft:coal":16,"minecraft:white_wool":2,"minecraft:mutton":5,"gobber2:gobber2_goo":2,"minecraft:rail":25,"minecraft:cobblestone":197},"minecraft:killed":{"minecraft:creeper":1,"minecraft:skeleton":4,"minecraft:zombie":6},"minecraft:mined":{"minecraft:deepslate_redstone_ore":1,"minecraft:deepslate_diamond_ore":1,"minecraft:crafting_table":3,"minecraft:torch":4,"minecraft:grass_block":3,"minecraft:cobblestone":5,"minecraft:deepslate_gold_ore":4,"minecraft:oak_planks":1,"minecraft:diorite":1,"minecraft:spawner":1,"minecraft:furnace":1,"minecraft:birch_log":18,"minecraft:barrel":1,"minecraft:birch_leaves":1,"minecraft:andesite":9,"gobber2:gobber2_lucky_block_deepslate":8,"minecraft:coal_ore":6,"minecraft:oak_log":11,"minecraft:deepslate_iron_ore":22,"minecraft:rail":3,"minecraft:gravel":6,"minecraft:dirt":6,"minecraft:stone":174,"minecraft:deepslate":12}},"DataVersion":3465}