{"stats":{"minecraft:picked_up":{"minecraft:crafting_table":4,"minecraft:wheat":2,"minecraft:string":4,"mutantmonsters:mutant_skeleton_skull":1,"minecraft:experience_bottle":4,"minecraft:gold_nugget":93,"minecraft:cobbled_deepslate":131,"minecraft:spruce_planks":2,"minecraft:rose_bush":1,"minecraft:birch_sapling":7,"minecraft:furnace":1,"minecraft:stick":85,"minecraft:raw_iron":58,"minecraft:torch":26,"minecraft:fire_charge":1,"minecraft:diorite":1,"minecraft:redstone":9,"mutantmonsters:mutant_skeleton_pelvis":1,"gobber2:gobber2_foo":1,"minecraft:arrow":12,"minecraft:rotten_flesh":6,"mutantmonsters:mutant_skeleton_rib":3,"minecraft:gold_ingot":9,"minecraft:rail":25,"mutantmonsters:mutant_skeleton_shoulder_pad":1,"minecraft:glow_berries":6,"minecraft:mutton":6,"minecraft:white_wool":8,"minecraft:cobblestone":200,"minecraft:birch_log":18,"minecraft:basalt":4,"minecraft:andesite":9,"gobber2:gobber2_gooey_beefstew":5,"biomesoplenty:fir_sapling":179,"minecraft:birch_planks":5,"biomesoplenty:fir_log":394,"minecraft:flint":2,"minecraft:tuff":32,"minecraft:oak_log":10,"iceandfire:ectoplasm":3,"scalinghealth:heart_crystal":4,"mca:book_romance":1,"mutantmonsters:mutant_skeleton_limb":3,"minecraft:dirt":20,"minecraft:bone":6,"farmersdelight:cooking_pot":3,"minecraft:bow":1,"gobber2:gobber2_gooey_beef":4,"minecraft:wheat_seeds":7,"minecraft:warped_stem":4,"minecraft:raw_gold":14,"minecraft:iron_ingot":74,"minecraft:cobweb":5,"minecraft:oak_planks":3,"minecraft:soul_sand":4,"gobber2:gobber2_gooey_bread":6,"scalinghealth:heart_crystal_shard":3,"minecraft:cooked_porkchop":7,"minecraft:birch_boat":1,"minecraft:quartz":14,"minecraft:dandelion":1,"minecraft:raw_iron_block":2,"minecraft:gravel":29,"minecraft:sand":27,"minecraft:spruce_sapling":1,"minecraft:spruce_log":34,"minecraft:barrel":1,"travelersbackpack:standard":2,"minecraft:diamond":10,"minecraft:golden_apple":1,"minecraft:gray_wool":1,"minecraft:emerald":6,"minecraft:bread":1,"minecraft:oak_sapling":10,"minecraft:netherrack":121,"minecraft:melon_seeds":4,"gobber2:gobber2_goo":3,"minecraft:coal":20},"minecraft:dropped":{"biomesoplenty:fir_log":260,"farmersdelight:tomato_seeds":4,"minecraft:iron_ingot":1,"minecraft:bread":2,"minecraft:warped_stem":4,"minecraft:soul_sand":4,"minecraft:wheat_seeds":4,"minecraft:glass_bottle":1,"travelersbackpack:iron_tier_upgrade":1,"travelersbackpack:standard":1,"minecraft:stick":2,"minecraft:flint":2,"minecraft:cobweb":8,"minecraft:gray_wool":1,"mca:book_romance":1,"minecraft:diorite":1,"farmersdelight:cooking_pot":2,"minecraft:rose_bush":1,"minecraft:gold_nugget":12,"minecraft:string":8,"minecraft:white_wool":2,"minecraft:dandelion":1,"minecraft:spruce_sapling":1,"minecraft:gold_ingot":13,"minecraft:bone":5,"minecraft:gravel":21,"minecraft:cobbled_deepslate":46,"minecraft:tuff":16,"minecraft:rotten_flesh":4,"minecraft:oak_planks":9,"minecraft:spruce_planks":2,"minecraft:andesite":9,"minecraft:melon_seeds":4,"minecraft:leather_leggings":1,"minecraft:barrel":1,"minecraft:spruce_log":34,"minecraft:arrow":6,"minecraft:stone_pickaxe":1,"minecraft:quartz":10,"mutantmonsters:mutant_skeleton_skull":1},"minecraft:mined":{"minecraft:nether_gold_ore":19,"minecraft:stripped_warped_stem":1,"minecraft:tuff":6,"minecraft:spruce_planks":2,"minecraft:deepslate_diamond_ore":9,"gravestone:gravestone":1,"biomesoplenty:bush":24,"minecraft:allium":2,"minecraft:grass_block":24,"minecraft:spruce_leaves":2,"minecraft:oxeye_daisy":1,"minecraft:spawner":1,"minecraft:raw_iron_block":2,"minecraft:furnace":1,"biomesoplenty:toadstool":2,"minecraft:iron_ore":7,"minecraft:fire":3,"minecraft:barrel":1,"minecraft:andesite":9,"minecraft:deepslate_iron_ore":46,"minecraft:rail":3,"minecraft:warped_stem":3,"minecraft:stone":179,"minecraft:deepslate_redstone_ore":1,"minecraft:basalt":17,"minecraft:dandelion":1,"minecraft:crafting_table":4,"minecraft:torch":13,"minecraft:nether_quartz_ore":18,"minecraft:tall_grass":2,"minecraft:cobblestone":5,"minecraft:deepslate_gold_ore":14,"minecraft:oak_planks":2,"minecraft:diorite":1,"minecraft:wall_torch":5,"minecraft:warped_nylium":1,"minecraft:birch_log":18,"minecraft:wheat":2,"minecraft:spruce_log":12,"minecraft:birch_leaves":1,"gobber2:gobber2_lucky_block_deepslate":16,"biomesoplenty:fir_log":1357,"minecraft:grass":53,"minecraft:oak_log":12,"minecraft:coal_ore":15,"biomesoplenty:fir_leaves":7,"minecraft:gravel":28,"minecraft:sand":20,"minecraft:dirt":13,"biomesoplenty:fir_sapling":9,"minecraft:netherrack":164,"minecraft:oak_leaves":16,"minecraft:deepslate":82,"minecraft:fern":32},"minecraft:crafted":{"minecraft:oak_planks":40,"minecraft:raw_iron":18,"minecraft:birch_boat":1,"minecraft:furnace":2,"minecraft:cooked_mutton":1,"minecraft:iron_axe":3,"minecraft:stone_pickaxe":2,"minecraft:golden_boots":1,"minecraft:crafting_table":3,"minecraft:wooden_pickaxe":1,"minecraft:iron_helmet":1,"minecraft:iron_sword":1,"minecraft:birch_planks":72,"minecraft:stone_axe":1,"minecraft:air":0,"minecraft:iron_chestplate":1,"minecraft:shield":1,"minecraft:stick":8,"minecraft:iron_ingot":19,"minecraft:iron_pickaxe":2,"minecraft:gold_ingot":9,"minecraft:iron_leggings":1,"minecraft:shears":1},"minecraft:used":{"gobber2:gobber2_goo":3,"gobber2:gobber2_gooey_bread":6,"minecraft:iron_sword":107,"minecraft:netherrack":89,"minecraft:iron_chestplate":1,"minecraft:torch":27,"minecraft:dirt":20,"scalinghealth:heart_crystal":4,"biomesoplenty:fir_sapling":137,"minecraft:iron_axe":73,"minecraft:birch_sapling":1,"gobber2:gobber2_gooey_beef":3,"minecraft:basalt":4,"minecraft:written_book":3,"minecraft:oak_sapling":1,"minecraft:furnace":3,"minecraft:cobbled_deepslate":3,"minecraft:cooked_mutton":1,"minecraft:birch_planks":80,"minecraft:stone_pickaxe":230,"minecraft:oak_planks":8,"minecraft:wooden_pickaxe":68,"minecraft:birch_boat":1,"minecraft:glow_berries":7,"minecraft:sand":2,"minecraft:crafting_table":6,"gobber2:gobber2_gooey_beefstew":5,"minecraft:bread":10,"minecraft:iron_pickaxe":386,"minecraft:leather_helmet":1,"minecraft:gravel":8,"minecraft:stone_axe":68,"minecraft:fire_charge":1,"minecraft:cobblestone":174,"minecraft:potion":1,"minecraft:cooked_porkchop":5,"biomesoplenty:fir_log":29,"minecraft:experience_bottle":2},"minecraft:custom":{"minecraft:interact_with_smithing_table":1,"minecraft:mob_kills":40,"minecraft:interact_with_crafting_table":37,"minecraft:open_barrel":11,"minecraft:leave_game":6,"minecraft:time_since_death":25485,"minecraft:sprint_one_cm":383923,"minecraft:walk_one_cm":225222,"minecraft:drop":92,"minecraft:talked_to_villager":1,"minecraft:play_time":201702,"minecraft:deaths":1,"minecraft:sneak_time":25484,"minecraft:walk_under_water_one_cm":17668,"minecraft:boat_one_cm":41128,"minecraft:jump":3322,"minecraft:walk_on_water_one_cm":35385,"minecraft:total_world_time":201702,"minecraft:interact_with_furnace":41,"minecraft:sleep_in_bed":1,"minecraft:time_since_rest":25525,"minecraft:damage_taken":4204,"minecraft:damage_dealt":9802,"minecraft:swim_one_cm":40238,"minecraft:fly_one_cm":679309,"minecraft:open_chest":15,"minecraft:crouch_one_cm":74461,"minecraft:fall_one_cm":112668},"minecraft:killed":{"mca:female_zombie_villager":1,"mca:male_zombie_villager":1,"minecraft:spider":1,"minecraft:skeleton":11,"minecraft:creeper":1,"minecraft:sheep":1,"minecraft:zombie":13,"iceandfire:ghost":7},"minecraft:broken":{"minecraft:leather_helmet":1,"minecraft:wooden_pickaxe":1,"minecraft:stone_pickaxe":1,"minecraft:iron_axe":3,"minecraft:stone_axe":1,"minecraft:iron_pickaxe":1}},"DataVersion":3465}