{"stats":{"minecraft:crafted":{"minecraft:oak_planks":40,"minecraft:raw_iron":18,"minecraft:crafting_table":2,"minecraft:wooden_pickaxe":1,"minecraft:furnace":2,"minecraft:birch_planks":72,"minecraft:stone_axe":1,"minecraft:cooked_mutton":1,"minecraft:air":0,"minecraft:iron_chestplate":1,"minecraft:stick":4,"minecraft:iron_ingot":19,"minecraft:iron_pickaxe":1,"minecraft:stone_pickaxe":2,"minecraft:iron_leggings":1},"minecraft:broken":{"minecraft:stone_pickaxe":1,"minecraft:wooden_pickaxe":1},"minecraft:custom":{"minecraft:interact_with_smithing_table":1,"minecraft:interact_with_furnace":27,"minecraft:mob_kills":18,"minecraft:interact_with_crafting_table":15,"minecraft:open_barrel":10,"minecraft:time_since_death":65882,"minecraft:time_since_rest":65882,"minecraft:sprint_one_cm":141952,"minecraft:damage_taken":1449,"minecraft:walk_one_cm":59278,"minecraft:drop":30,"minecraft:damage_dealt":3259,"minecraft:swim_one_cm":6536,"minecraft:fly_one_cm":210625,"minecraft:open_chest":1,"minecraft:crouch_one_cm":29825,"minecraft:play_time":65882,"minecraft:sneak_time":12615,"minecraft:walk_under_water_one_cm":1390,"minecraft:jump":1234,"minecraft:walk_on_water_one_cm":10235,"minecraft:total_world_time":65882,"minecraft:fall_one_cm":45050},"minecraft:dropped":{"minecraft:gravel":5,"minecraft:cobbled_deepslate":26,"minecraft:tuff":16,"minecraft:rotten_flesh":4,"travelersbackpack:iron_tier_upgrade":1,"minecraft:flint":1,"minecraft:cobweb":8,"minecraft:gray_wool":1,"minecraft:diorite":1,"farmersdelight:cooking_pot":1,"minecraft:andesite":9,"minecraft:rose_bush":1,"minecraft:leather_leggings":1,"minecraft:barrel":1,"minecraft:arrow":6,"minecraft:string":8,"minecraft:bone":4},"minecraft:used":{"minecraft:cooked_mutton":1,"minecraft:birch_planks":54,"minecraft:stone_pickaxe":149,"gobber2:gobber2_gooey_bread":4,"minecraft:wooden_pickaxe":68,"minecraft:iron_chestplate":1,"minecraft:torch":5,"minecraft:glow_berries":7,"minecraft:dirt":9,"scalinghealth:heart_crystal":3,"minecraft:crafting_table":4,"gobber2:gobber2_gooey_beefstew":2,"minecraft:bread":8,"minecraft:birch_sapling":1,"minecraft:iron_pickaxe":141,"minecraft:leather_helmet":1,"minecraft:stone_axe":51,"minecraft:cobblestone":150,"minecraft:potion":1,"minecraft:written_book":2,"minecraft:furnace":2,"minecraft:oak_sapling":1,"minecraft:cobbled_deepslate":3},"minecraft:picked_up":{"minecraft:birch_log":18,"minecraft:crafting_table":3,"minecraft:andesite":9,"gobber2:gobber2_gooey_beefstew":4,"minecraft:flint":1,"minecraft:tuff":32,"minecraft:oak_log":10,"scalinghealth:heart_crystal":3,"minecraft:dirt":9,"minecraft:string":4,"minecraft:experience_bottle":4,"minecraft:bone":4,"farmersdelight:cooking_pot":2,"gobber2:gobber2_gooey_beef":2,"minecraft:cobbled_deepslate":39,"minecraft:raw_gold":14,"minecraft:iron_ingot":10,"minecraft:cobweb":5,"minecraft:rose_bush":1,"minecraft:birch_sapling":7,"minecraft:oak_planks":2,"gobber2:gobber2_gooey_bread":6,"minecraft:furnace":1,"minecraft:stick":17,"minecraft:raw_iron":51,"scalinghealth:heart_crystal_shard":3,"minecraft:torch":8,"minecraft:raw_iron_block":2,"minecraft:gravel":5,"minecraft:diorite":1,"minecraft:redstone":5,"minecraft:barrel":1,"minecraft:diamond":10,"minecraft:arrow":6,"minecraft:rotten_flesh":4,"minecraft:golden_apple":1,"minecraft:gray_wool":1,"minecraft:gold_ingot":3,"minecraft:emerald":6,"minecraft:glow_berries":6,"minecraft:melon_seeds":4,"minecraft:oak_sapling":10,"minecraft:coal":17,"minecraft:white_wool":2,"minecraft:mutton":5,"gobber2:gobber2_goo":3,"minecraft:rail":25,"minecraft:cobblestone":198},"minecraft:killed":{"minecraft:creeper":1,"minecraft:skeleton":5,"minecraft:zombie":10},"minecraft:mined":{"minecraft:deepslate_redstone_ore":1,"minecraft:tuff":6,"minecraft:deepslate_diamond_ore":9,"minecraft:crafting_table":3,"minecraft:torch":4,"minecraft:grass_block":3,"minecraft:cobblestone":5,"minecraft:deepslate_gold_ore":14,"minecraft:oak_planks":1,"minecraft:diorite":1,"minecraft:spawner":1,"minecraft:raw_iron_block":2,"minecraft:furnace":1,"minecraft:birch_log":18,"minecraft:barrel":1,"minecraft:birch_leaves":1,"minecraft:andesite":9,"gobber2:gobber2_lucky_block_deepslate":14,"minecraft:coal_ore":7,"minecraft:oak_log":11,"minecraft:deepslate_iron_ore":46,"minecraft:rail":3,"minecraft:gravel":6,"minecraft:dirt":6,"minecraft:stone":175,"minecraft:deepslate":47}},"DataVersion":3465}