{"stats":{"minecraft:picked_up":{"minecraft:birch_log":12,"minecraft:crafting_table":4,"minecraft:andesite":5,"minecraft:leather":4,"minecraft:enchanted_book":1,"minecraft:tuff":10,"minecraft:oak_log":20,"minecraft:chain":5,"minecraft:string":2,"minecraft:dirt":3,"minecraft:raw_copper":2,"minecraft:apple":1,"minecraft:wheat_seeds":2,"minecraft:cobbled_deepslate":16,"minecraft:beef":4,"minecraft:iron_ingot":3,"minecraft:rose_bush":1,"minecraft:iron_pickaxe":1,"minecraft:sugar_cane":16,"minecraft:birch_sapling":4,"minecraft:oak_planks":2,"gobber2:gobber2_gooey_bread":1,"minecraft:furnace":3,"minecraft:stick":11,"minecraft:raw_iron":24,"minecraft:torch":4,"minecraft:diorite":2,"minecraft:gold_ingot":7,"minecraft:oak_sapling":5,"minecraft:coal":139,"minecraft:mutton":1,"minecraft:rail":1,"minecraft:white_wool":1,"minecraft:cobblestone":123},"minecraft:killed":{"minecraft:sheep":1,"minecraft:cow":2},"minecraft:mined":{"minecraft:tuff":10,"minecraft:crafting_table":3,"minecraft:torch":2,"minecraft:grass_block":3,"minecraft:rose_bush":1,"minecraft:copper_ore":1,"minecraft:deepslate_gold_ore":7,"minecraft:sugar_cane":5,"minecraft:diorite":2,"minecraft:wall_torch":2,"minecraft:chain":5,"minecraft:furnace":3,"minecraft:birch_log":12,"minecraft:iron_ore":19,"minecraft:cobbled_deepslate":1,"minecraft:andesite":5,"gobber2:gobber2_lucky_block_deepslate":1,"minecraft:grass":6,"minecraft:oak_log":20,"minecraft:coal_ore":44,"minecraft:deepslate_iron_ore":7,"minecraft:rail":1,"minecraft:cobweb":2,"minecraft:stone":128,"minecraft:deepslate":15},"minecraft:used":{"minecraft:cooked_mutton":1,"minecraft:diorite":2,"minecraft:stone_pickaxe":181,"minecraft:oak_planks":1,"minecraft:wooden_pickaxe":11,"minecraft:iron_sword":2,"minecraft:iron_chestplate":1,"minecraft:torch":5,"minecraft:dirt":2,"minecraft:crafting_table":5,"minecraft:birch_sapling":4,"minecraft:iron_pickaxe":59,"minecraft:iron_helmet":1,"minecraft:iron_boots":1,"minecraft:stone_axe":7,"minecraft:cobblestone":10,"minecraft:oak_sapling":1,"minecraft:furnace":3,"minecraft:andesite":5,"minecraft:cooked_beef":2,"minecraft:cobbled_deepslate":3},"minecraft:custom":{"minecraft:interact_with_furnace":22,"minecraft:mob_kills":3,"minecraft:interact_with_crafting_table":11,"minecraft:leave_game":2,"minecraft:time_since_death":42378,"minecraft:time_since_rest":42378,"minecraft:sprint_one_cm":52631,"minecraft:damage_taken":280,"minecraft:walk_one_cm":97464,"minecraft:drop":5,"minecraft:damage_dealt":341,"minecraft:fly_one_cm":43548,"minecraft:crouch_one_cm":14467,"minecraft:play_time":42378,"minecraft:sneak_time":5143,"minecraft:jump":324,"minecraft:walk_on_water_one_cm":2630,"minecraft:total_world_time":42378,"minecraft:fall_one_cm":7682},"minecraft:broken":{"minecraft:stone_pickaxe":1},"minecraft:crafted":{"minecraft:cooked_beef":4,"minecraft:oak_planks":16,"minecraft:crafting_table":2,"minecraft:iron_helmet":1,"minecraft:wooden_pickaxe":1,"minecraft:iron_sword":1,"minecraft:furnace":1,"minecraft:stone_axe":1,"minecraft:cooked_mutton":1,"minecraft:air":0,"minecraft:iron_boots":1,"minecraft:iron_chestplate":1,"minecraft:stick":12,"minecraft:iron_ingot":22,"minecraft:iron_pickaxe":1,"minecraft:stone_pickaxe":4,"minecraft:stone_sword":2},"minecraft:dropped":{"minecraft:enchanted_book":1,"minecraft:cobbled_deepslate":1,"minecraft:crafting_table":1,"minecraft:dirt":1,"minecraft:iron_pickaxe":1}},"DataVersion":3465}