{"stats":{"minecraft:crafted":{"minecraft:oak_planks":76,"minecraft:raw_iron":36,"minecraft:cooked_chicken":1,"minecraft:furnace":8,"minecraft:cooked_mutton":1,"minecraft:bow":1,"minecraft:diamond_leggings":1,"minecraft:iron_boots":1,"minecraft:iron_axe":1,"minecraft:stone_pickaxe":4,"minecraft:chest":1,"minecraft:diamond_boots":1,"minecraft:netherite_scrap":3,"minecraft:golden_helmet":1,"minecraft:cooked_beef":4,"minecraft:crafting_table":4,"minecraft:wooden_pickaxe":1,"minecraft:iron_helmet":1,"minecraft:iron_sword":2,"minecraft:smithing_table":1,"minecraft:bucket":1,"minecraft:birch_planks":48,"minecraft:stone_axe":1,"farmersdelight:skillet":1,"minecraft:air":0,"minecraft:white_wool":15,"minecraft:iron_chestplate":1,"minecraft:diamond_pickaxe":4,"minecraft:stick":32,"minecraft:iron_ingot":130,"minecraft:iron_pickaxe":1,"minecraft:stone_sword":2,"minecraft:iron_leggings":1,"minecraft:gold_ingot":22,"minecraft:diamond_chestplate":1},"minecraft:broken":{"minecraft:stone_pickaxe":1,"minecraft:iron_pickaxe":1},"minecraft:custom":{"minecraft:interact_with_smithing_table":2,"minecraft:mob_kills":41,"minecraft:interact_with_crafting_table":31,"minecraft:open_barrel":22,"minecraft:leave_game":3,"minecraft:time_since_death":178909,"minecraft:climb_one_cm":1082,"minecraft:sprint_one_cm":254301,"minecraft:walk_one_cm":455543,"minecraft:drop":160,"minecraft:play_time":178909,"minecraft:sneak_time":24364,"minecraft:walk_under_water_one_cm":7332,"minecraft:jump":2390,"minecraft:walk_on_water_one_cm":33151,"minecraft:total_world_time":178909,"minecraft:interact_with_furnace":57,"minecraft:time_since_rest":178909,"minecraft:damage_taken":3577,"minecraft:damage_dealt":7132,"minecraft:swim_one_cm":102,"minecraft:fly_one_cm":350294,"minecraft:open_chest":6,"minecraft:crouch_one_cm":67833,"minecraft:fall_one_cm":65966},"minecraft:dropped":{"minecraft:enchanted_book":2,"minecraft:iron_ingot":10,"minecraft:iron_sword":1,"minecraft:soul_sand":21,"minecraft:cooked_beef":1,"gobber2:gobber2_foo":1,"minecraft:ender_pearl":3,"minecraft:glass_bottle":1,"minecraft:diamond":4,"minecraft:crafting_table":1,"minecraft:cobblestone":44,"minecraft:leather":1,"travelersbackpack:iron_tier_upgrade":1,"minecraft:rail":4,"minecraft:stick":11,"minecraft:dirt":1,"scalinghealth:heart_crystal":1,"farmersdelight:cooking_pot":1,"minecraft:rose_bush":1,"minecraft:fire_charge":1,"minecraft:potion":3,"minecraft:iron_leggings":1,"minecraft:gold_nugget":6,"minecraft:iron_pickaxe":2,"gobber2:gobber2_gooey_bread":2,"minecraft:bucket":1,"minecraft:gold_ingot":51,"minecraft:gravel":18,"minecraft:stone_axe":1,"minecraft:blackstone":11,"minecraft:stone_sword":2,"minecraft:cobbled_deepslate":11,"minecraft:nether_brick":6,"minecraft:tuff":3,"minecraft:rotten_flesh":4,"minecraft:iron_chestplate":1,"minecraft:diamond_pickaxe":2,"minecraft:spider_eye":4,"minecraft:wooden_pickaxe":1,"minecraft:raw_gold":8,"minecraft:netherrack":236},"minecraft:used":{"minecraft:stone_sword":44,"gobber2:gobber2_goo":1,"minecraft:chest":1,"gobber2:gobber2_gooey_bread":3,"minecraft:iron_sword":59,"minecraft:cooked_chicken":1,"minecraft:netherrack":75,"minecraft:iron_chestplate":1,"minecraft:torch":14,"minecraft:soul_sand":1,"minecraft:dirt":2,"scalinghealth:heart_crystal":3,"minecraft:tuff":5,"farmersdelight:rope":2,"minecraft:lava_bucket":21,"minecraft:iron_axe":15,"minecraft:birch_sapling":4,"minecraft:iron_helmet":1,"minecraft:iron_boots":1,"gobber2:gobber2_gooey_beef":3,"minecraft:bow":35,"minecraft:oak_sapling":1,"minecraft:furnace":12,"minecraft:cooked_beef":4,"minecraft:cobbled_deepslate":102,"minecraft:cooked_mutton":1,"minecraft:water_bucket":21,"minecraft:diorite":2,"farmersdelight:skillet":52,"minecraft:birch_planks":15,"minecraft:stone_pickaxe":181,"minecraft:oak_planks":4,"minecraft:ender_pearl":2,"minecraft:blackstone":11,"minecraft:wooden_pickaxe":11,"scalinghealth:chance_heart":3,"minecraft:crafting_table":13,"minecraft:oak_log":1,"minecraft:diamond_pickaxe":511,"minecraft:crying_obsidian":3,"minecraft:bread":21,"minecraft:cyan_bed":1,"minecraft:iron_pickaxe":481,"minecraft:stone_axe":15,"minecraft:cobblestone":28,"minecraft:potion":1,"minecraft:cooked_porkchop":3,"minecraft:smithing_table":2,"minecraft:andesite":5,"minecraft:bucket":45,"minecraft:diamond_leggings":1,"gobber2:gobber2_gooey_beef_nether":1},"minecraft:picked_up":{"minecraft:crafting_table":10,"minecraft:chicken":1,"minecraft:smithing_table":1,"minecraft:potion":4,"minecraft:enchanted_book":1,"minecraft:nether_brick":6,"minecraft:chain":5,"minecraft:brewing_stand":1,"minecraft:string":49,"minecraft:raw_copper":2,"minecraft:blackstone":22,"minecraft:gold_nugget":6,"minecraft:cobbled_deepslate":223,"minecraft:bucket":1,"minecraft:beef":4,"minecraft:rose_bush":1,"minecraft:iron_pickaxe":1,"minecraft:sugar_cane":16,"minecraft:birch_sapling":4,"minecraft:furnace":12,"minecraft:stick":17,"minecraft:raw_iron":73,"minecraft:oak_fence":1,"minecraft:torch":9,"travelersbackpack:iron_tier_upgrade":1,"minecraft:fire_charge":4,"minecraft:golden_axe":1,"minecraft:diorite":2,"gobber2:gobber2_foo":3,"minecraft:arrow":17,"minecraft:rotten_flesh":10,"gobber2:gobber2_gooey_beef_nether":1,"minecraft:gold_ingot":40,"minecraft:obsidian":6,"minecraft:mutton":1,"minecraft:rail":5,"minecraft:white_wool":1,"minecraft:cobblestone":155,"minecraft:birch_log":12,"minecraft:magma_cream":5,"minecraft:cooked_beef":1,"minecraft:andesite":5,"gobber2:gobber2_gooey_beefstew":1,"minecraft:leather":16,"minecraft:birch_planks":2,"minecraft:flint":3,"minecraft:tuff":15,"minecraft:oak_log":20,"minecraft:ancient_debris":3,"gobber2:gobber2_gooey_bread_nether":1,"minecraft:dirt":3,"minecraft:bone":6,"minecraft:apple":1,"farmersdelight:cooking_pot":1,"gobber2:gobber2_gooey_beef":3,"minecraft:wheat_seeds":2,"minecraft:raw_gold":8,"minecraft:iron_ingot":46,"scalinghealth:power_crystal_shard":5,"gobber2:gobber2_globette":3,"minecraft:iron_sword":1,"minecraft:oak_planks":61,"minecraft:soul_sand":35,"gobber2:gobber2_gooey_bread":5,"scalinghealth:heart_crystal_shard":5,"minecraft:quartz":26,"minecraft:gravel":37,"minecraft:cyan_bed":1,"minecraft:crying_obsidian":3,"minecraft:spectral_arrow":24,"minecraft:spider_eye":6,"minecraft:barrel":1,"minecraft:diamond":60,"minecraft:crossbow":1,"minecraft:oak_sapling":5,"minecraft:netherrack":415,"minecraft:coal":139,"gobber2:gobber2_goo":2,"minecraft:ender_pearl":4},"minecraft:killed":{"minecraft:cave_spider":4,"minecraft:spider":1,"minecraft:skeleton":6,"minecraft:chicken":1,"minecraft:piglin_brute":3,"minecraft:piglin":4,"minecraft:creeper":1,"minecraft:sheep":1,"minecraft:zombie":16,"minecraft:cow":2},"minecraft:mined":{"minecraft:nether_gold_ore":11,"minecraft:tuff":32,"minecraft:deepslate_diamond_ore":59,"minecraft:brewing_stand":1,"minecraft:obsidian":4,"minecraft:glow_lichen":1,"minecraft:grass_block":3,"minecraft:cracked_polished_blackstone_bricks":1,"minecraft:spawner":2,"minecraft:polished_blackstone_bricks":1,"minecraft:furnace":12,"minecraft:iron_ore":19,"minecraft:cobbled_deepslate":7,"minecraft:fire":8,"minecraft:barrel":3,"minecraft:andesite":5,"minecraft:deepslate_lapis_ore":1,"minecraft:deepslate_iron_ore":47,"minecraft:rail":1,"scalinghealth:deepslate_power_crystal_ore":5,"minecraft:stone":135,"minecraft:smithing_table":1,"minecraft:deepslate_redstone_ore":1,"minecraft:soul_sand":1,"scalinghealth:deepslate_heart_crystal_ore":5,"minecraft:crafting_table":9,"minecraft:torch":5,"gobber2:gobber2_lucky_block_nether":2,"minecraft:rose_bush":1,"minecraft:nether_quartz_ore":26,"minecraft:copper_ore":1,"minecraft:cobblestone":10,"minecraft:cyan_bed":1,"minecraft:deepslate_gold_ore":23,"minecraft:sugar_cane":5,"minecraft:oak_planks":1,"minecraft:diorite":2,"minecraft:wall_torch":2,"minecraft:chain":5,"minecraft:birch_planks":7,"minecraft:birch_log":12,"gobber2:gobber2_lucky_block_deepslate":12,"minecraft:grass":6,"minecraft:oak_log":20,"minecraft:coal_ore":44,"minecraft:gravel":19,"minecraft:cobweb":26,"minecraft:netherrack":221,"minecraft:ancient_debris":3,"minecraft:deepslate":469}},"DataVersion":3465}