{"stats":{"minecraft:crafted":{"minecraft:oak_planks":76,"minecraft:raw_iron":36,"minecraft:cooked_chicken":1,"minecraft:furnace":8,"iceandfire:armor_copper_metal_leggings":1,"minecraft:cooked_mutton":1,"iceandfire:armor_copper_metal_helmet":1,"minecraft:bow":1,"minecraft:diamond_leggings":1,"minecraft:iron_boots":1,"minecraft:iron_axe":1,"minecraft:stone_pickaxe":4,"iceandfire:armor_copper_metal_chestplate":1,"minecraft:chest":1,"minecraft:diamond_boots":1,"minecraft:netherite_scrap":4,"minecraft:golden_helmet":1,"minecraft:cooked_beef":4,"minecraft:red_dye":1,"minecraft:crafting_table":6,"minecraft:wooden_pickaxe":1,"minecraft:iron_helmet":1,"minecraft:iron_sword":2,"minecraft:smithing_table":1,"minecraft:red_wool":1,"minecraft:bucket":1,"minecraft:birch_planks":48,"minecraft:stone_axe":1,"farmersdelight:skillet":1,"minecraft:air":0,"minecraft:iron_chestplate":1,"minecraft:white_wool":15,"minecraft:diamond_pickaxe":4,"minecraft:stick":32,"minecraft:iron_ingot":130,"minecraft:iron_pickaxe":1,"minecraft:stone_sword":2,"minecraft:iron_leggings":1,"minecraft:gold_ingot":22,"minecraft:diamond_chestplate":1},"minecraft:broken":{"minecraft:stone_pickaxe":1,"minecraft:iron_pickaxe":1},"minecraft:custom":{"minecraft:interact_with_smithing_table":2,"minecraft:mob_kills":57,"minecraft:interact_with_crafting_table":34,"minecraft:open_barrel":26,"minecraft:leave_game":5,"minecraft:time_since_death":221904,"minecraft:climb_one_cm":1082,"minecraft:sprint_one_cm":352607,"minecraft:walk_one_cm":562258,"minecraft:drop":177,"minecraft:play_time":221904,"minecraft:sneak_time":29115,"minecraft:walk_under_water_one_cm":11430,"minecraft:jump":3546,"minecraft:walk_on_water_one_cm":40019,"minecraft:total_world_time":221904,"minecraft:interact_with_furnace":61,"minecraft:interact_with_grindstone":1,"minecraft:sleep_in_bed":1,"minecraft:time_since_rest":4228,"minecraft:damage_taken":4665,"minecraft:damage_dealt":11773,"minecraft:swim_one_cm":991,"minecraft:fly_one_cm":544760,"minecraft:open_chest":8,"minecraft:crouch_one_cm":80389,"minecraft:fall_one_cm":102106},"minecraft:dropped":{"minecraft:enchanted_book":2,"minecraft:iron_ingot":10,"minecraft:iron_sword":1,"minecraft:soul_sand":21,"minecraft:cooked_beef":1,"gobber2:gobber2_foo":1,"minecraft:ender_pearl":3,"minecraft:glass_bottle":1,"minecraft:diamond":4,"minecraft:crafting_table":1,"minecraft:crossbow":1,"minecraft:iron_helmet":2,"minecraft:cobblestone":44,"minecraft:leather":1,"minecraft:red_wool":1,"travelersbackpack:iron_tier_upgrade":1,"travelersbackpack:standard":2,"minecraft:rail":4,"minecraft:stick":11,"minecraft:gold_block":1,"minecraft:cracked_polished_blackstone_bricks":18,"minecraft:dirt":1,"scalinghealth:heart_crystal":1,"farmersdelight:cooking_pot":1,"minecraft:rose_bush":1,"minecraft:fire_charge":1,"minecraft:potion":3,"minecraft:iron_leggings":1,"minecraft:gold_nugget":6,"minecraft:polished_blackstone_bricks":11,"minecraft:iron_pickaxe":2,"gobber2:gobber2_gooey_bread":2,"minecraft:bucket":1,"minecraft:redstone":9,"minecraft:gold_ingot":51,"minecraft:gravel":18,"minecraft:stone_axe":1,"minecraft:blackstone":12,"minecraft:stone_sword":2,"minecraft:cobbled_deepslate":11,"minecraft:nether_brick":6,"minecraft:tuff":3,"minecraft:obsidian":6,"minecraft:rotten_flesh":4,"minecraft:oak_planks":14,"minecraft:diamond_pickaxe":2,"minecraft:iron_chestplate":1,"minecraft:spider_eye":4,"minecraft:barrel":1,"minecraft:wooden_pickaxe":1,"minecraft:raw_gold":8,"minecraft:netherrack":300},"minecraft:used":{"minecraft:stone_sword":44,"gobber2:gobber2_goo":6,"minecraft:chest":1,"gobber2:gobber2_gooey_bread":3,"minecraft:iron_sword":113,"minecraft:cooked_chicken":1,"minecraft:netherrack":131,"minecraft:soul_sand":1,"minecraft:iron_chestplate":1,"minecraft:torch":14,"minecraft:dirt":2,"scalinghealth:heart_crystal":4,"minecraft:tuff":5,"farmersdelight:rope":2,"minecraft:lava_bucket":21,"minecraft:birch_sapling":4,"minecraft:iron_axe":17,"minecraft:iron_helmet":1,"minecraft:iron_boots":1,"gobber2:gobber2_gooey_beef":3,"minecraft:bow":47,"minecraft:oak_sapling":1,"minecraft:furnace":13,"biomesoplenty:rose_quartz_block":1,"minecraft:cooked_beef":4,"minecraft:cobbled_deepslate":128,"minecraft:cooked_mutton":1,"minecraft:water_bucket":21,"minecraft:diorite":2,"farmersdelight:skillet":52,"minecraft:birch_planks":15,"minecraft:oak_planks":6,"minecraft:stone_pickaxe":181,"minecraft:ender_pearl":2,"minecraft:blackstone":12,"minecraft:wooden_pickaxe":11,"scalinghealth:chance_heart":3,"minecraft:polished_blackstone_bricks":5,"minecraft:crafting_table":16,"gobber2:gobber2_gooey_bread_nether":1,"minecraft:oak_log":1,"minecraft:diamond_pickaxe":795,"minecraft:crying_obsidian":3,"minecraft:cracked_polished_blackstone_bricks":1,"minecraft:bread":27,"minecraft:cyan_bed":1,"minecraft:iron_pickaxe":481,"gobber2:gobber2_gooey_beefstew_nether":1,"minecraft:stone_axe":15,"minecraft:potion":1,"minecraft:cobblestone":28,"minecraft:smithing_table":2,"minecraft:cooked_porkchop":3,"minecraft:andesite":5,"minecraft:bucket":46,"minecraft:diamond_leggings":1,"gobber2:gobber2_gooey_beef_nether":3},"minecraft:picked_up":{"minecraft:crafting_table":11,"minecraft:chicken":1,"iceandfire:troll_weapon_hammer":1,"minecraft:smithing_table":1,"minecraft:potion":4,"minecraft:gold_block":1,"minecraft:enchanted_book":1,"minecraft:nether_brick":6,"minecraft:chain":5,"minecraft:brewing_stand":1,"minecraft:string":58,"minecraft:raw_copper":2,"gobber2:gobber2_glass_nether":4,"minecraft:experience_bottle":1,"minecraft:blackstone":62,"minecraft:gold_nugget":6,"minecraft:cobbled_deepslate":281,"minecraft:bucket":1,"minecraft:beef":4,"minecraft:rose_bush":1,"minecraft:iron_pickaxe":1,"minecraft:poppy":1,"minecraft:sugar_cane":16,"minecraft:birch_sapling":4,"minecraft:furnace":13,"biomesoplenty:rose_quartz_block":1,"minecraft:raw_iron":73,"minecraft:stick":17,"iceandfire:troll_tusk":2,"minecraft:copper_ingot":36,"minecraft:oak_fence":1,"minecraft:torch":9,"travelersbackpack:iron_tier_upgrade":1,"minecraft:fire_charge":4,"minecraft:polished_blackstone_bricks":21,"minecraft:golden_axe":1,"minecraft:diorite":2,"minecraft:redstone":9,"gobber2:gobber2_foo":5,"minecraft:arrow":17,"minecraft:rotten_flesh":15,"gobber2:gobber2_gooey_beef_nether":3,"minecraft:gold_ingot":40,"minecraft:obsidian":6,"minecraft:mutton":1,"minecraft:rail":5,"minecraft:white_wool":1,"minecraft:cobblestone":159,"minecraft:birch_log":12,"minecraft:cooked_beef":1,"minecraft:magma_cream":5,"minecraft:andesite":11,"minecraft:leather":16,"gobber2:gobber2_gooey_beefstew":4,"minecraft:birch_planks":2,"minecraft:flint":3,"minecraft:tuff":15,"minecraft:oak_log":20,"minecraft:ancient_debris":3,"gobber2:gobber2_gooey_bread_nether":1,"scalinghealth:heart_crystal":1,"minecraft:dirt":3,"minecraft:bone":6,"minecraft:apple":1,"farmersdelight:cooking_pot":1,"gobber2:gobber2_gooey_beef":6,"minecraft:wheat_seeds":2,"minecraft:raw_gold":8,"minecraft:iron_ingot":61,"scalinghealth:power_crystal_shard":7,"gobber2:gobber2_globette":3,"gobber2:gobber2_gooey_beefstew_nether":1,"minecraft:iron_sword":1,"minecraft:oak_planks":75,"minecraft:soul_sand":35,"gobber2:gobber2_gooey_bread":9,"scalinghealth:heart_crystal_shard":5,"gobber2:gobber2_rod_nether":1,"minecraft:quartz":28,"minecraft:gravel":37,"minecraft:cyan_bed":1,"minecraft:crying_obsidian":3,"minecraft:spectral_arrow":24,"minecraft:spider_eye":7,"minecraft:barrel":2,"minecraft:leather_helmet":1,"travelersbackpack:standard":1,"minecraft:diamond":60,"minecraft:netherite_helmet":1,"minecraft:cracked_polished_blackstone_bricks":19,"minecraft:iron_helmet":1,"minecraft:crossbow":1,"minecraft:bread":4,"minecraft:oak_sapling":5,"minecraft:netherrack":528,"gobber2:gobber2_goo":7,"minecraft:coal":139,"gobber2:gobber2_goo_nether":2,"iceandfire:raw_silver":1,"minecraft:ender_pearl":4},"minecraft:killed":{"minecraft:cave_spider":5,"minecraft:spider":3,"endermanoverhaul:swamp_enderman":1,"minecraft:skeleton":6,"minecraft:chicken":1,"minecraft:piglin_brute":6,"minecraft:piglin":9,"iceandfire:troll":1,"minecraft:creeper":1,"minecraft:sheep":1,"minecraft:zombie":19,"minecraft:cow":2},"minecraft:mined":{"minecraft:nether_gold_ore":11,"minecraft:tuff":32,"iceandfire:silver_ore":2,"minecraft:deepslate_diamond_ore":59,"minecraft:brewing_stand":1,"minecraft:obsidian":4,"minecraft:glow_lichen":1,"biomesoplenty:rose_quartz_block":1,"minecraft:grass_block":3,"gobber2:gobber2_lucky_block":11,"minecraft:cracked_polished_blackstone_bricks":11,"minecraft:red_mushroom":1,"minecraft:spawner":2,"minecraft:polished_blackstone_bricks":23,"minecraft:furnace":13,"minecraft:iron_ore":24,"minecraft:barrel":4,"minecraft:fire":10,"minecraft:cobbled_deepslate":7,"minecraft:andesite":11,"minecraft:deepslate_lapis_ore":1,"minecraft:gold_block":1,"minecraft:deepslate_iron_ore":57,"minecraft:rail":1,"scalinghealth:deepslate_power_crystal_ore":7,"minecraft:stone":140,"biomesoplenty:spider_egg":1,"minecraft:smithing_table":1,"minecraft:deepslate_redstone_ore":3,"minecraft:soul_sand":1,"minecraft:blackstone":40,"minecraft:basalt":3,"scalinghealth:deepslate_heart_crystal_ore":5,"minecraft:crafting_table":10,"minecraft:torch":5,"minecraft:blackstone_slab":1,"minecraft:poppy":1,"gobber2:gobber2_lucky_block_nether":13,"minecraft:rose_bush":1,"minecraft:nether_quartz_ore":30,"minecraft:copper_ore":11,"minecraft:cobblestone":10,"minecraft:deepslate_gold_ore":23,"minecraft:cyan_bed":1,"minecraft:oak_planks":1,"minecraft:sugar_cane":5,"minecraft:diorite":4,"minecraft:wall_torch":2,"minecraft:chain":5,"minecraft:birch_planks":7,"minecraft:warped_nylium":1,"minecraft:birch_log":12,"gobber2:gobber2_lucky_block_deepslate":16,"minecraft:grass":6,"minecraft:coal_ore":44,"minecraft:oak_log":20,"minecraft:gravel":19,"minecraft:cobweb":26,"minecraft:ancient_debris":3,"minecraft:netherrack":287,"minecraft:deepslate":527}},"DataVersion":3465}