{"stats":{"minecraft:picked_up":{"minecraft:iron_chestplate":1,"iceandfire:troll_weapon_hammer":1,"minecraft:smithing_table":1,"minecraft:potion":4,"minecraft:enchanted_book":1,"minecraft:nether_brick":6,"minecraft:brewing_stand":1,"minecraft:string":61,"mutantmonsters:mutant_skeleton_skull":1,"minecraft:raw_copper":2,"minecraft:iron_leggings":1,"gobber2:gobber2_glass_nether":4,"minecraft:experience_bottle":1,"minecraft:gold_nugget":24,"minecraft:cobbled_deepslate":281,"minecraft:bucket":1,"minecraft:rose_bush":1,"minecraft:iron_pickaxe":1,"minecraft:furnace":14,"biomesoplenty:rose_quartz_block":1,"minecraft:stick":81,"iceandfire:ghost_chest":1,"minecraft:oak_fence":1,"minecraft:torch":10,"travelersbackpack:iron_tier_upgrade":1,"minecraft:golden_axe":1,"minecraft:diorite":2,"gobber2:gobber2_foo":5,"minecraft:rotten_flesh":45,"minecraft:obsidian":6,"minecraft:cobblestone":163,"minecraft:birch_log":12,"minecraft:magma_cream":5,"minecraft:cooked_beef":1,"minecraft:andesite":11,"biomesoplenty:fir_sapling":125,"biomesoplenty:fir_log":444,"minecraft:flint":3,"minecraft:tuff":15,"gobber2:gobber2_gooey_bread_nether":1,"minecraft:dirt":35,"minecraft:bone":19,"minecraft:bow":1,"gobber2:gobber2_gooey_beef":6,"minecraft:wheat_seeds":9,"minecraft:raw_gold":8,"gobber2:gobber2_globette":3,"minecraft:oak_planks":83,"gobber2:gobber2_gooey_bread":9,"biomesoplenty:toadstool":1,"gobber2:gobber2_rod_nether":1,"minecraft:cyan_bed":1,"minecraft:spectral_arrow":24,"minecraft:barrel":2,"minecraft:diamond":60,"minecraft:netherite_helmet":1,"minecraft:cracked_polished_blackstone_bricks":19,"minecraft:crossbow":1,"minecraft:emerald":3,"minecraft:bread":4,"minecraft:oak_sapling":6,"minecraft:netherrack":561,"iceandfire:silver_nugget":4,"gobber2:gobber2_goo":7,"iceandfire:raw_silver":1,"minecraft:crafting_table":11,"minecraft:chicken":1,"minecraft:gold_block":1,"minecraft:chain":7,"minecraft:blackstone":62,"minecraft:beef":4,"minecraft:poppy":2,"minecraft:sugar_cane":16,"minecraft:chest":1,"minecraft:birch_sapling":4,"iceandfire:ice_dragon_heart":1,"minecraft:raw_iron":73,"iceandfire:dragonbone":14,"iceandfire:troll_tusk":2,"minecraft:copper_ingot":37,"relics:rage_glove":1,"minecraft:fire_charge":4,"minecraft:polished_blackstone_bricks":21,"minecraft:carrot":1,"minecraft:redstone":9,"iceandfire:dragon_skull_ice":1,"minecraft:arrow":22,"gobber2:gobber2_gooey_beef_nether":3,"iceandfire:dragonscales_silver":13,"mutantmonsters:mutant_skeleton_rib":2,"minecraft:gold_ingot":42,"minecraft:mutton":1,"minecraft:white_wool":1,"minecraft:rail":5,"gobber2:gobber2_gooey_beefstew":4,"minecraft:leather":16,"minecraft:birch_planks":2,"minecraft:oak_log":21,"scalinghealth:bandages":2,"minecraft:ancient_debris":3,"scalinghealth:heart_crystal":1,"mutantmonsters:mutant_skeleton_limb":5,"minecraft:blue_bed":3,"scalinghealth:medkit":1,"minecraft:apple":1,"farmersdelight:cooking_pot":1,"minecraft:iron_ingot":70,"scalinghealth:power_crystal_shard":7,"gobber2:gobber2_gooey_beefstew_nether":1,"minecraft:soul_sand":35,"minecraft:iron_sword":1,"scalinghealth:heart_crystal_shard":7,"minecraft:quartz":28,"minecraft:gravel":42,"minecraft:spruce_sapling":3,"minecraft:spruce_log":55,"minecraft:crying_obsidian":3,"minecraft:spider_eye":7,"minecraft:leather_helmet":1,"travelersbackpack:standard":2,"minecraft:iron_helmet":1,"iceandfire:ice_dragon_flesh":3,"gobber2:gobber2_goo_nether":2,"minecraft:coal":141,"minecraft:ender_pearl":4},"minecraft:dropped":{"biomesoplenty:fir_log":2,"minecraft:iron_sword":1,"minecraft:soul_sand":21,"minecraft:cooked_beef":1,"minecraft:glass_bottle":1,"minecraft:ender_pearl":3,"minecraft:diamond":4,"minecraft:crafting_table":1,"minecraft:crossbow":1,"minecraft:leather":1,"minecraft:red_wool":2,"travelersbackpack:iron_tier_upgrade":1,"travelersbackpack:standard":4,"minecraft:rail":4,"biomesoplenty:fir_sapling":35,"minecraft:gold_block":1,"minecraft:dirt":4,"minecraft:cracked_polished_blackstone_bricks":18,"minecraft:gold_nugget":6,"minecraft:polished_blackstone_bricks":11,"minecraft:iron_pickaxe":2,"gobber2:gobber2_gooey_bread":2,"minecraft:gold_ingot":51,"minecraft:gravel":18,"minecraft:stone_axe":1,"minecraft:blackstone":12,"minecraft:cobbled_deepslate":11,"minecraft:nether_brick":6,"minecraft:obsidian":6,"minecraft:rotten_flesh":4,"minecraft:oak_planks":22,"minecraft:netherrack":300,"minecraft:enchanted_book":2,"minecraft:iron_ingot":74,"gobber2:gobber2_foo":1,"minecraft:iron_helmet":2,"minecraft:cobblestone":44,"minecraft:stick":11,"scalinghealth:heart_crystal":1,"farmersdelight:cooking_pot":1,"minecraft:rose_bush":1,"minecraft:fire_charge":1,"minecraft:potion":3,"minecraft:iron_leggings":1,"minecraft:bucket":1,"minecraft:redstone":9,"minecraft:stone_sword":2,"minecraft:tuff":3,"minecraft:iron_chestplate":1,"minecraft:diamond_pickaxe":2,"minecraft:spider_eye":4,"minecraft:barrel":1,"minecraft:bow":1,"minecraft:wooden_pickaxe":1,"minecraft:raw_gold":8,"mutantmonsters:mutant_skeleton_skull":1},"minecraft:used":{"gobber2:gobber2_goo":7,"iceandfire:dragon_skull_ice":1,"gobber2:gobber2_gooey_bread":3,"minecraft:chest":7,"minecraft:iron_sword":249,"minecraft:iron_chestplate":1,"minecraft:soul_sand":1,"minecraft:tuff":5,"minecraft:lava_bucket":29,"biomesoplenty:fir_sapling":54,"minecraft:birch_sapling":4,"minecraft:iron_helmet":1,"minecraft:bow":47,"minecraft:furnace":22,"minecraft:oak_sapling":2,"minecraft:diorite":2,"minecraft:stone_pickaxe":181,"minecraft:oak_planks":6,"minecraft:blackstone":12,"minecraft:ender_pearl":2,"minecraft:wooden_pickaxe":11,"biomesoplenty:fir_planks":60,"minecraft:blue_bed":2,"gobber2:gobber2_gooey_bread_nether":1,"gobber2:gobber2_gooey_beefstew":2,"minecraft:crying_obsidian":3,"minecraft:cyan_bed":1,"minecraft:bread":42,"minecraft:gravel":4,"travelersbackpack:magma_cube":1,"minecraft:smithing_table":3,"minecraft:andesite":5,"minecraft:stone_sword":44,"minecraft:cooked_chicken":1,"minecraft:netherrack":131,"minecraft:torch":20,"minecraft:dirt":31,"scalinghealth:heart_crystal":4,"farmersdelight:rope":2,"minecraft:iron_axe":22,"minecraft:iron_boots":1,"gobber2:gobber2_gooey_beef":5,"minecraft:diamond_chestplate":1,"biomesoplenty:rose_quartz_block":1,"minecraft:cooked_beef":4,"minecraft:cobbled_deepslate":128,"minecraft:cooked_mutton":1,"minecraft:water_bucket":24,"farmersdelight:skillet":52,"minecraft:birch_planks":15,"scalinghealth:chance_heart":3,"minecraft:polished_blackstone_bricks":5,"minecraft:crafting_table":18,"minecraft:oak_log":1,"minecraft:diamond_pickaxe":817,"minecraft:cracked_polished_blackstone_bricks":1,"minecraft:iron_pickaxe":481,"minecraft:spruce_sapling":3,"gobber2:gobber2_gooey_beefstew_nether":1,"minecraft:stone_axe":15,"minecraft:cobblestone":28,"minecraft:potion":1,"minecraft:cooked_porkchop":3,"minecraft:bucket":58,"biomesoplenty:fir_log":31,"minecraft:diamond_leggings":2,"gobber2:gobber2_gooey_beef_nether":3},"minecraft:mined":{"minecraft:brewing_stand":1,"minecraft:obsidian":4,"minecraft:grass_block":5,"biomesoplenty:rose_quartz_block":1,"gobber2:gobber2_lucky_block":11,"minecraft:cracked_polished_blackstone_bricks":11,"minecraft:spawner":2,"minecraft:polished_blackstone_bricks":23,"minecraft:cobbled_deepslate":7,"minecraft:iron_ore":30,"minecraft:fire":16,"minecraft:barrel":4,"minecraft:deepslate_lapis_ore":1,"scalinghealth:deepslate_power_crystal_ore":7,"minecraft:deepslate_redstone_ore":3,"minecraft:blackstone":40,"scalinghealth:deepslate_heart_crystal_ore":5,"minecraft:powder_snow":18,"minecraft:torch":6,"minecraft:poppy":2,"gobber2:gobber2_lucky_block_nether":13,"iceandfire:ghost_chest":1,"minecraft:chest":1,"minecraft:nether_quartz_ore":30,"minecraft:cobblestone":10,"minecraft:cyan_bed":1,"minecraft:sugar_cane":5,"minecraft:oak_planks":1,"minecraft:wall_torch":2,"minecraft:chain":5,"minecraft:warped_nylium":1,"minecraft:birch_log":12,"biomesoplenty:fir_log":530,"minecraft:grass":28,"minecraft:oak_log":21,"minecraft:dirt":1,"biomesoplenty:fir_sapling":6,"minecraft:netherrack":287,"minecraft:ancient_debris":3,"minecraft:oak_leaves":9,"minecraft:deepslate":527,"minecraft:nether_gold_ore":11,"minecraft:tuff":32,"iceandfire:silver_ore":2,"minecraft:deepslate_diamond_ore":59,"minecraft:glow_lichen":1,"biomesoplenty:bush":13,"minecraft:red_mushroom":1,"minecraft:large_fern":2,"minecraft:furnace":14,"minecraft:andesite":11,"minecraft:gold_block":1,"minecraft:deepslate_iron_ore":57,"minecraft:rail":1,"biomesoplenty:spider_egg":1,"minecraft:stone":147,"scalinghealth:heart_crystal_ore":2,"minecraft:smithing_table":1,"minecraft:soul_sand":1,"minecraft:basalt":3,"minecraft:crafting_table":10,"minecraft:blackstone_slab":1,"minecraft:emerald_ore":3,"minecraft:rose_bush":1,"minecraft:copper_ore":11,"minecraft:deepslate_gold_ore":23,"minecraft:diorite":4,"minecraft:blue_bed":3,"minecraft:birch_planks":7,"minecraft:ice":2,"minecraft:spruce_log":6,"gobber2:gobber2_lucky_block_deepslate":16,"minecraft:coal_ore":46,"minecraft:gravel":22,"minecraft:cobweb":26,"minecraft:fern":7},"minecraft:broken":{"minecraft:stone_pickaxe":1,"minecraft:iron_sword":1,"minecraft:golden_axe":1,"minecraft:iron_axe":1,"minecraft:iron_pickaxe":1},"minecraft:killed":{"minecraft:cave_spider":5,"minecraft:spider":5,"minecraft:skeleton":12,"minecraft:chicken":1,"minecraft:piglin_brute":6,"minecraft:piglin":9,"minecraft:creeper":1,"minecraft:sheep":1,"minecraft:zombie":31,"minecraft:cow":2,"endermanoverhaul:swamp_enderman":1,"iceandfire:troll":1,"iceandfire:ice_dragon":1},"minecraft:crafted":{"minecraft:oak_planks":80,"travelersbackpack:crafting_upgrade":1,"minecraft:cooked_chicken":1,"minecraft:cooked_mutton":1,"minecraft:glass":25,"minecraft:bow":1,"minecraft:diamond_leggings":1,"minecraft:iron_boots":1,"iceandfire:armor_copper_metal_chestplate":1,"minecraft:chest":8,"travelersbackpack:iron_tier_upgrade":1,"minecraft:crafting_table":9,"minecraft:wooden_pickaxe":1,"minecraft:iron_helmet":1,"travelersbackpack:standard":1,"minecraft:smithing_table":2,"minecraft:red_wool":2,"minecraft:birch_planks":48,"farmersdelight:skillet":1,"biomesoplenty:fir_planks":244,"minecraft:iron_chestplate":1,"minecraft:diamond_pickaxe":4,"minecraft:stick":40,"minecraft:iron_ingot":130,"minecraft:iron_pickaxe":1,"minecraft:stone_sword":2,"minecraft:gold_ingot":22,"minecraft:raw_iron":36,"minecraft:furnace":8,"iceandfire:armor_copper_metal_leggings":1,"travelersbackpack:blank_upgrade":4,"travelersbackpack:gold_tier_upgrade":1,"iceandfire:armor_copper_metal_helmet":1,"travelersbackpack:white_sleeping_bag":1,"minecraft:iron_axe":2,"minecraft:stone_pickaxe":4,"minecraft:diamond_boots":1,"minecraft:netherite_scrap":4,"minecraft:golden_helmet":1,"travelersbackpack:diamond_tier_upgrade":1,"minecraft:cooked_beef":4,"minecraft:red_dye":2,"travelersbackpack:backpack_tank":4,"minecraft:iron_sword":3,"minecraft:bucket":1,"minecraft:stone_axe":1,"minecraft:air":0,"minecraft:white_wool":15,"minecraft:iron_leggings":1,"minecraft:torch":8,"minecraft:diamond_chestplate":1},"minecraft:custom":{"minecraft:interact_with_crafting_table":45,"minecraft:open_barrel":26,"minecraft:leave_game":8,"minecraft:time_since_death":306900,"minecraft:sprint_one_cm":534528,"minecraft:drop":191,"minecraft:play_time":306900,"minecraft:jump":5279,"minecraft:walk_on_water_one_cm":46566,"minecraft:interact_with_furnace":67,"minecraft:sleep_in_bed":4,"minecraft:damage_dealt":21358,"minecraft:crouch_one_cm":88700,"minecraft:interact_with_smithing_table":5,"minecraft:mob_kills":80,"minecraft:climb_one_cm":1082,"minecraft:walk_one_cm":721801,"minecraft:sneak_time":32847,"minecraft:walk_under_water_one_cm":20534,"minecraft:total_world_time":306900,"minecraft:interact_with_grindstone":1,"minecraft:time_since_rest":46368,"minecraft:damage_taken":5925,"minecraft:swim_one_cm":15096,"minecraft:fly_one_cm":943804,"minecraft:open_chest":35,"minecraft:fall_one_cm":153182}},"DataVersion":3465}