{"stats":{"minecraft:crafted":{"minecraft:cooked_beef":4,"minecraft:oak_planks":16,"minecraft:crafting_table":2,"minecraft:cooked_chicken":1,"minecraft:wooden_pickaxe":1,"minecraft:iron_helmet":1,"minecraft:iron_sword":1,"minecraft:furnace":1,"minecraft:stone_axe":1,"farmersdelight:skillet":1,"minecraft:cooked_mutton":1,"minecraft:air":0,"minecraft:iron_boots":1,"minecraft:iron_chestplate":1,"minecraft:stick":12,"minecraft:iron_ingot":22,"minecraft:iron_pickaxe":1,"minecraft:stone_pickaxe":4,"minecraft:stone_sword":2,"minecraft:iron_leggings":1,"minecraft:golden_helmet":1},"minecraft:custom":{"minecraft:interact_with_furnace":26,"minecraft:mob_kills":29,"minecraft:interact_with_crafting_table":15,"minecraft:open_barrel":9,"minecraft:leave_game":2,"minecraft:time_since_death":81110,"minecraft:climb_one_cm":1082,"minecraft:time_since_rest":81110,"minecraft:sprint_one_cm":111161,"minecraft:damage_taken":1485,"minecraft:walk_one_cm":263313,"minecraft:drop":26,"minecraft:damage_dealt":5062,"minecraft:swim_one_cm":102,"minecraft:fly_one_cm":72438,"minecraft:open_chest":2,"minecraft:crouch_one_cm":20679,"minecraft:play_time":81110,"minecraft:sneak_time":7062,"minecraft:walk_under_water_one_cm":2208,"minecraft:jump":749,"minecraft:walk_on_water_one_cm":4928,"minecraft:total_world_time":81110,"minecraft:fall_one_cm":17114},"minecraft:broken":{"minecraft:stone_pickaxe":1},"minecraft:dropped":{"minecraft:enchanted_book":1,"minecraft:iron_ingot":10,"minecraft:iron_sword":1,"minecraft:cooked_beef":1,"gobber2:gobber2_foo":1,"minecraft:cobbled_deepslate":5,"minecraft:diamond":1,"minecraft:crafting_table":1,"minecraft:rotten_flesh":4,"minecraft:cobblestone":36,"minecraft:rail":4,"minecraft:stick":2,"minecraft:dirt":1,"scalinghealth:heart_crystal":1,"farmersdelight:cooking_pot":1,"minecraft:rose_bush":1,"minecraft:iron_pickaxe":1,"gobber2:gobber2_gooey_bread":1},"minecraft:used":{"minecraft:cooked_mutton":1,"minecraft:diorite":2,"minecraft:stone_sword":39,"farmersdelight:skillet":45,"minecraft:stone_pickaxe":181,"minecraft:oak_planks":1,"gobber2:gobber2_gooey_bread":2,"scalinghealth:chance_heart":3,"minecraft:wooden_pickaxe":11,"minecraft:iron_sword":29,"minecraft:cooked_chicken":1,"minecraft:iron_chestplate":1,"minecraft:torch":8,"minecraft:dirt":2,"scalinghealth:heart_crystal":3,"minecraft:crafting_table":8,"minecraft:tuff":5,"farmersdelight:rope":2,"minecraft:bread":8,"minecraft:birch_sapling":4,"minecraft:iron_pickaxe":153,"minecraft:iron_helmet":1,"minecraft:iron_boots":1,"minecraft:stone_axe":14,"minecraft:cobblestone":14,"minecraft:furnace":3,"minecraft:oak_sapling":1,"minecraft:andesite":5,"minecraft:cooked_beef":4,"minecraft:cobbled_deepslate":25},"minecraft:picked_up":{"minecraft:birch_log":12,"minecraft:crafting_table":8,"minecraft:cooked_beef":1,"minecraft:chicken":1,"minecraft:andesite":5,"minecraft:leather":4,"minecraft:enchanted_book":1,"minecraft:brewing_stand":1,"minecraft:tuff":12,"minecraft:oak_log":20,"minecraft:chain":5,"minecraft:dirt":3,"minecraft:string":34,"minecraft:raw_copper":2,"minecraft:bone":3,"farmersdelight:cooking_pot":1,"minecraft:apple":1,"minecraft:wheat_seeds":2,"minecraft:cobbled_deepslate":68,"minecraft:beef":4,"minecraft:iron_ingot":14,"minecraft:rose_bush":1,"minecraft:iron_pickaxe":1,"minecraft:sugar_cane":16,"minecraft:birch_sapling":4,"minecraft:oak_planks":3,"gobber2:gobber2_gooey_bread":3,"minecraft:furnace":3,"minecraft:stick":11,"minecraft:raw_iron":24,"minecraft:oak_fence":1,"minecraft:torch":4,"travelersbackpack:iron_tier_upgrade":1,"minecraft:cyan_bed":1,"minecraft:diorite":2,"minecraft:spider_eye":2,"gobber2:gobber2_foo":3,"minecraft:arrow":4,"minecraft:rotten_flesh":10,"minecraft:diamond":11,"minecraft:gold_ingot":20,"minecraft:oak_sapling":5,"minecraft:mutton":1,"minecraft:coal":139,"minecraft:white_wool":1,"minecraft:rail":5,"minecraft:cobblestone":141},"minecraft:killed":{"minecraft:cave_spider":4,"minecraft:spider":1,"minecraft:creeper":1,"minecraft:skeleton":4,"minecraft:sheep":1,"minecraft:zombie":15,"minecraft:chicken":1,"minecraft:cow":2},"minecraft:mined":{"minecraft:tuff":13,"minecraft:deepslate_diamond_ore":10,"minecraft:brewing_stand":1,"minecraft:glow_lichen":1,"minecraft:crafting_table":7,"minecraft:torch":2,"minecraft:grass_block":3,"minecraft:rose_bush":1,"minecraft:copper_ore":1,"minecraft:cyan_bed":1,"minecraft:oak_planks":1,"minecraft:deepslate_gold_ore":21,"minecraft:sugar_cane":5,"minecraft:diorite":2,"minecraft:wall_torch":2,"minecraft:spawner":2,"minecraft:chain":5,"minecraft:furnace":3,"minecraft:birch_log":12,"minecraft:iron_ore":19,"minecraft:cobbled_deepslate":1,"minecraft:andesite":5,"gobber2:gobber2_lucky_block_deepslate":5,"minecraft:grass":6,"minecraft:oak_log":20,"minecraft:coal_ore":44,"minecraft:deepslate_iron_ore":18,"minecraft:rail":1,"minecraft:cobweb":26,"minecraft:stone":128,"minecraft:deepslate":61}},"DataVersion":3465}