{"stats":{"minecraft:crafted":{"minecraft:cooked_beef":4,"minecraft:oak_planks":16,"minecraft:crafting_table":2,"minecraft:wooden_pickaxe":1,"minecraft:iron_helmet":1,"minecraft:iron_sword":1,"minecraft:furnace":1,"minecraft:stone_axe":1,"farmersdelight:skillet":1,"minecraft:cooked_mutton":1,"minecraft:air":0,"minecraft:iron_boots":1,"minecraft:iron_chestplate":1,"minecraft:stick":12,"minecraft:iron_ingot":22,"minecraft:iron_pickaxe":1,"minecraft:stone_pickaxe":4,"minecraft:stone_sword":2,"minecraft:iron_leggings":1,"minecraft:golden_helmet":1},"minecraft:custom":{"minecraft:interact_with_furnace":23,"minecraft:mob_kills":11,"minecraft:interact_with_crafting_table":14,"minecraft:open_barrel":6,"minecraft:leave_game":2,"minecraft:time_since_death":69110,"minecraft:climb_one_cm":1082,"minecraft:time_since_rest":69110,"minecraft:sprint_one_cm":90532,"minecraft:damage_taken":887,"minecraft:walk_one_cm":220264,"minecraft:drop":13,"minecraft:damage_dealt":2165,"minecraft:swim_one_cm":102,"minecraft:fly_one_cm":58793,"minecraft:crouch_one_cm":20138,"minecraft:play_time":69110,"minecraft:sneak_time":6783,"minecraft:walk_under_water_one_cm":2208,"minecraft:jump":618,"minecraft:walk_on_water_one_cm":4715,"minecraft:total_world_time":69110,"minecraft:fall_one_cm":13147},"minecraft:broken":{"minecraft:stone_pickaxe":1},"minecraft:dropped":{"minecraft:enchanted_book":1,"minecraft:iron_sword":1,"minecraft:cooked_beef":1,"minecraft:cobbled_deepslate":1,"minecraft:diamond":1,"minecraft:crafting_table":1,"minecraft:cobblestone":36,"minecraft:dirt":1,"scalinghealth:heart_crystal":1,"minecraft:rose_bush":1,"minecraft:iron_pickaxe":1,"gobber2:gobber2_gooey_bread":1},"minecraft:used":{"minecraft:cooked_mutton":1,"minecraft:diorite":2,"minecraft:stone_sword":4,"farmersdelight:skillet":24,"minecraft:stone_pickaxe":181,"minecraft:oak_planks":1,"scalinghealth:chance_heart":3,"minecraft:wooden_pickaxe":11,"minecraft:iron_sword":29,"minecraft:iron_chestplate":1,"minecraft:torch":7,"minecraft:dirt":2,"scalinghealth:heart_crystal":3,"minecraft:crafting_table":7,"minecraft:tuff":4,"farmersdelight:rope":2,"minecraft:bread":6,"minecraft:birch_sapling":4,"minecraft:iron_pickaxe":127,"minecraft:iron_helmet":1,"minecraft:iron_boots":1,"minecraft:stone_axe":12,"minecraft:cobblestone":14,"minecraft:furnace":3,"minecraft:oak_sapling":1,"minecraft:andesite":5,"minecraft:cooked_beef":4,"minecraft:cobbled_deepslate":4},"minecraft:picked_up":{"minecraft:birch_log":12,"minecraft:crafting_table":8,"minecraft:cooked_beef":1,"minecraft:andesite":5,"minecraft:leather":4,"minecraft:enchanted_book":1,"minecraft:tuff":11,"minecraft:oak_log":20,"minecraft:chain":5,"minecraft:dirt":3,"minecraft:string":27,"minecraft:raw_copper":2,"minecraft:bone":2,"minecraft:apple":1,"minecraft:wheat_seeds":2,"minecraft:cobbled_deepslate":59,"minecraft:beef":4,"minecraft:iron_ingot":13,"minecraft:rose_bush":1,"minecraft:iron_pickaxe":1,"minecraft:sugar_cane":16,"minecraft:birch_sapling":4,"minecraft:oak_planks":2,"gobber2:gobber2_gooey_bread":2,"minecraft:furnace":3,"minecraft:stick":11,"minecraft:raw_iron":24,"minecraft:oak_fence":1,"minecraft:torch":4,"minecraft:diorite":2,"minecraft:arrow":2,"minecraft:rotten_flesh":6,"minecraft:diamond":4,"minecraft:gold_ingot":20,"minecraft:oak_sapling":5,"minecraft:mutton":1,"minecraft:coal":139,"minecraft:white_wool":1,"minecraft:rail":5,"minecraft:cobblestone":141},"minecraft:killed":{"minecraft:cave_spider":1,"minecraft:creeper":1,"minecraft:skeleton":2,"minecraft:sheep":1,"minecraft:zombie":4,"minecraft:cow":2},"minecraft:mined":{"minecraft:tuff":12,"minecraft:deepslate_diamond_ore":3,"minecraft:glow_lichen":1,"minecraft:crafting_table":7,"minecraft:torch":2,"minecraft:grass_block":3,"minecraft:rose_bush":1,"minecraft:copper_ore":1,"minecraft:deepslate_gold_ore":21,"minecraft:sugar_cane":5,"minecraft:diorite":2,"minecraft:wall_torch":2,"minecraft:spawner":2,"minecraft:chain":5,"minecraft:furnace":3,"minecraft:birch_log":12,"minecraft:iron_ore":19,"minecraft:cobbled_deepslate":1,"minecraft:andesite":5,"gobber2:gobber2_lucky_block_deepslate":2,"minecraft:grass":6,"minecraft:oak_log":20,"minecraft:coal_ore":44,"minecraft:deepslate_iron_ore":17,"minecraft:rail":1,"minecraft:cobweb":26,"minecraft:stone":128,"minecraft:deepslate":50}},"DataVersion":3465}