{"stats":{"minecraft:crafted":{"minecraft:oak_planks":12,"minecraft:furnace":3,"minecraft:glass":25,"travelersbackpack:white_sleeping_bag":1,"minecraft:iron_boots":2,"minecraft:iron_axe":1,"minecraft:stone_pickaxe":1,"minecraft:chest":1,"minecraft:golden_boots":1,"iceandfire:silver_ingot":8,"minecraft:cooked_porkchop":30,"minecraft:crafting_table":2,"travelersbackpack:standard":1,"travelersbackpack:backpack_tank":2,"minecraft:wooden_pickaxe":1,"minecraft:iron_helmet":1,"minecraft:iron_sword":1,"minecraft:bucket":1,"minecraft:birch_planks":28,"minecraft:stone_axe":1,"minecraft:air":0,"minecraft:iron_chestplate":1,"minecraft:shield":1,"minecraft:stick":24,"minecraft:iron_ingot":71,"minecraft:iron_pickaxe":2,"minecraft:stone_sword":1,"minecraft:gold_ingot":12,"minecraft:iron_leggings":1,"minecraft:white_bed":1,"minecraft:torch":56},"minecraft:broken":{"minecraft:iron_pickaxe":1,"minecraft:bow":1},"minecraft:custom":{"minecraft:mob_kills":45,"minecraft:interact_with_crafting_table":41,"minecraft:open_barrel":7,"minecraft:leave_game":1,"minecraft:time_since_death":96248,"minecraft:sprint_one_cm":230540,"minecraft:walk_one_cm":191680,"minecraft:damage_blocked_by_shield":200,"minecraft:drop":53,"minecraft:play_time":96248,"minecraft:sneak_time":1662,"minecraft:walk_under_water_one_cm":37503,"minecraft:jump":2170,"minecraft:walk_on_water_one_cm":15383,"minecraft:total_world_time":96248,"minecraft:interact_with_furnace":58,"minecraft:sleep_in_bed":2,"minecraft:time_since_rest":71852,"minecraft:damage_taken":1895,"minecraft:trigger_trapped_chest":1,"minecraft:damage_dealt":7315,"minecraft:fly_one_cm":408601,"minecraft:swim_one_cm":16675,"minecraft:open_chest":5,"minecraft:crouch_one_cm":4498,"minecraft:fall_one_cm":58685},"minecraft:dropped":{"minecraft:wheat_seeds":2,"minecraft:glass_bottle":1,"minecraft:iron_helmet":1,"minecraft:cobblestone":21,"minecraft:leather":3,"minecraft:granite":2,"iceandfire:ectoplasm":3,"minecraft:red_bed":1,"minecraft:diorite":1,"minecraft:mutton":7,"minecraft:fire_charge":2,"minecraft:potion":1,"minecraft:gold_nugget":1,"minecraft:paper":6,"minecraft:string":1,"minecraft:stone_axe":1,"minecraft:sugar_cane":14,"minecraft:stone_sword":1,"minecraft:nether_brick":3,"minecraft:rotten_flesh":13,"minecraft:oak_planks":2,"minecraft:azure_bluet":1,"minecraft:white_bed":1,"minecraft:skeleton_skull":1,"minecraft:barrel":1,"minecraft:spider_eye":1,"minecraft:glass":7,"minecraft:bow":1,"minecraft:stone_pickaxe":2,"minecraft:beef":5,"minecraft:wooden_pickaxe":1,"minecraft:written_book":1,"minecraft:black_wool":1},"minecraft:used":{"minecraft:stone_sword":84,"gobber2:gobber2_gooey_bread":11,"minecraft:shield":4,"minecraft:iron_sword":75,"minecraft:torch":66,"scalinghealth:heart_crystal":2,"minecraft:glass":6,"minecraft:lantern":1,"minecraft:iron_axe":1,"minecraft:birch_sapling":5,"gobber2:gobber2_gooey_beef":2,"minecraft:bow":4,"minecraft:furnace":5,"minecraft:oak_sapling":27,"minecraft:pumpkin":2,"minecraft:stone_pickaxe":58,"minecraft:ender_pearl":1,"minecraft:wooden_pickaxe":18,"minecraft:crafting_table":5,"scalinghealth:cursed_heart":1,"minecraft:white_bed":2,"minecraft:oak_log":5,"minecraft:apple":3,"gobber2:gobber2_gooey_beefstew":1,"minecraft:iron_pickaxe":366,"minecraft:stone_axe":9,"minecraft:cobblestone":21,"minecraft:potion":1,"minecraft:cooked_porkchop":4,"minecraft:wither_rose":2,"minecraft:experience_bottle":6},"minecraft:picked_up":{"minecraft:crafting_table":3,"minecraft:azure_bluet":1,"minecraft:wither_rose":2,"minecraft:potion":1,"minecraft:nether_brick":3,"minecraft:string":1,"minecraft:red_bed":1,"minecraft:gold_nugget":46,"minecraft:beef":5,"minecraft:sugar_cane":7,"minecraft:birch_sapling":5,"minecraft:iron_boots":1,"minecraft:furnace":5,"minecraft:stick":22,"minecraft:raw_iron":71,"iceandfire:ghost_chest":1,"minecraft:torch":14,"minecraft:fire_charge":2,"artifacts:vampiric_glove":1,"minecraft:porkchop":44,"minecraft:diorite":1,"gobber2:gobber2_foo":10,"minecraft:arrow":9,"minecraft:rotten_flesh":14,"minecraft:gold_ingot":2,"minecraft:mutton":7,"minecraft:skeleton_skull":2,"minecraft:white_wool":6,"minecraft:cobblestone":120,"minecraft:birch_log":7,"minecraft:leather":7,"gobber2:gobber2_gooey_beefstew":4,"minecraft:oak_log":40,"scalinghealth:bandages":2,"iceandfire:ectoplasm":3,"scalinghealth:heart_crystal":2,"minecraft:lapis_lazuli":28,"minecraft:dirt":48,"minecraft:paper":6,"minecraft:lantern":1,"minecraft:bone":14,"minecraft:apple":3,"minecraft:bow":2,"gobber2:gobber2_gooey_beef":8,"minecraft:wheat_seeds":2,"minecraft:raw_gold":7,"minecraft:stone_pickaxe":1,"minecraft:soul_sand":13,"minecraft:oak_planks":2,"gobber2:gobber2_gooey_bread":12,"scalinghealth:heart_crystal_shard":9,"minecraft:pumpkin":2,"minecraft:quartz":26,"minecraft:sand":25,"minecraft:white_bed":2,"minecraft:spider_eye":1,"minecraft:barrel":1,"minecraft:iron_helmet":1,"minecraft:granite":2,"scalinghealth:cursed_heart":1,"minecraft:oak_sapling":27,"minecraft:netherrack":88,"minecraft:black_wool":1,"minecraft:coal":95,"gobber2:gobber2_goo":15,"iceandfire:raw_silver":13},"minecraft:killed":{"minecraft:spider":1,"minecraft:skeleton":8,"minecraft:pig":15,"minecraft:sheep":7,"minecraft:zombie":7,"iceandfire:ghost":1,"minecraft:cow":5},"minecraft:mined":{"minecraft:white_bed":2,"iceandfire:graveyard_soil":1,"iceandfire:silver_ore":13,"minecraft:grass_block":6,"gobber2:gobber2_lucky_block":45,"minecraft:large_fern":1,"minecraft:furnace":5,"minecraft:iron_ore":69,"minecraft:pumpkin":2,"minecraft:deepslate_iron_ore":2,"minecraft:lantern":1,"minecraft:stone":110,"minecraft:red_bed":1,"minecraft:torch":11,"minecraft:crafting_table":3,"iceandfire:ghost_chest":1,"minecraft:nether_quartz_ore":24,"minecraft:tall_grass":1,"biomesoplenty:sprout":1,"minecraft:lapis_ore":4,"minecraft:diorite":1,"minecraft:wall_torch":2,"minecraft:skeleton_skull":1,"minecraft:birch_log":7,"gobber2:gobber2_lucky_block_deepslate":4,"minecraft:wither_rose":2,"minecraft:grass":2,"minecraft:coal_ore":42,"minecraft:oak_log":40,"minecraft:dirt":35,"minecraft:sand":21,"minecraft:cobweb":2,"minecraft:netherrack":111,"minecraft:gold_ore":2}},"DataVersion":3465}