{"stats":{"minecraft:picked_up":{"minecraft:birch_log":7,"minecraft:stick":22,"minecraft:crafting_table":1,"scalinghealth:heart_crystal_shard":6,"minecraft:pumpkin":2,"minecraft:leather":2,"minecraft:torch":4,"minecraft:porkchop":22,"minecraft:oak_log":37,"minecraft:dirt":2,"minecraft:apple":3,"minecraft:beef":2,"minecraft:oak_sapling":27,"minecraft:black_wool":1,"minecraft:mutton":7,"minecraft:birch_sapling":5,"minecraft:coal":5,"minecraft:white_wool":3,"minecraft:cobblestone":21},"minecraft:killed":{"minecraft:sheep":4,"minecraft:pig":11,"minecraft:cow":1},"minecraft:mined":{"minecraft:birch_log":7,"minecraft:pumpkin":2,"minecraft:crafting_table":1,"minecraft:torch":4,"minecraft:oak_log":37,"minecraft:coal_ore":4,"minecraft:dirt":2,"minecraft:stone":18},"minecraft:used":{"minecraft:apple":3,"minecraft:stone_sword":42,"minecraft:stone_pickaxe":4,"minecraft:birch_sapling":5,"minecraft:wooden_pickaxe":18,"minecraft:stone_axe":2,"minecraft:torch":6,"minecraft:crafting_table":1,"minecraft:furnace":1,"minecraft:oak_sapling":27,"minecraft:cooked_porkchop":2,"minecraft:pumpkin":2},"minecraft:custom":{"minecraft:time_since_rest":18143,"minecraft:interact_with_furnace":12,"minecraft:sprint_one_cm":52144,"minecraft:damage_taken":78,"minecraft:walk_one_cm":50158,"minecraft:mob_kills":16,"minecraft:drop":1,"minecraft:damage_dealt":1637,"minecraft:swim_one_cm":9245,"minecraft:interact_with_crafting_table":3,"minecraft:fly_one_cm":66144,"minecraft:crouch_one_cm":741,"minecraft:play_time":18143,"minecraft:sneak_time":104,"minecraft:walk_under_water_one_cm":400,"minecraft:jump":331,"minecraft:walk_on_water_one_cm":673,"minecraft:time_since_death":18143,"minecraft:total_world_time":18143,"minecraft:fall_one_cm":9915},"minecraft:crafted":{"minecraft:cooked_porkchop":5,"minecraft:crafting_table":1,"minecraft:stick":8,"minecraft:wooden_pickaxe":1,"minecraft:stone_pickaxe":1,"minecraft:stone_sword":1,"minecraft:furnace":1,"minecraft:torch":4,"minecraft:birch_planks":28,"minecraft:stone_axe":1,"minecraft:air":0},"minecraft:dropped":{"minecraft:black_wool":1}},"DataVersion":3465}