{"stats":{"minecraft:picked_up":{"minecraft:chainmail_boots":1,"minecraft:lead":2,"minecraft:wither_rose":2,"minecraft:potion":1,"minecraft:nether_brick":3,"minecraft:string":11,"gobber2:gobber2_glass_nether":6,"minecraft:gold_nugget":868,"minecraft:cobbled_deepslate":16,"minecraft:iron_pickaxe":1,"minecraft:iron_boots":1,"minecraft:furnace":6,"minecraft:stick":62,"iceandfire:ghost_chest":1,"minecraft:torch":26,"travelersbackpack:iron_tier_upgrade":1,"minecraft:porkchop":46,"minecraft:diorite":29,"gobber2:gobber2_foo":14,"minecraft:rotten_flesh":42,"biomesoplenty:rose_quartz_chunk":1,"iceandfire:fire_dragon_heart":1,"minecraft:obsidian":3,"minecraft:cobblestone":375,"biomesoplenty:lavender":4,"minecraft:birch_log":7,"relics:roller_skates":2,"biomesoplenty:fir_sapling":56,"biomesoplenty:fir_log":211,"minecraft:flint":1,"gobber2:gobber2_gooey_bread_nether":5,"minecraft:lapis_lazuli":28,"minecraft:dirt":64,"minecraft:lantern":1,"minecraft:bone":27,"minecraft:bow":3,"gobber2:gobber2_gooey_beef":16,"minecraft:wheat_seeds":4,"minecraft:raw_gold":20,"minecraft:glowstone_dust":11,"minecraft:oak_planks":2,"gobber2:gobber2_gooey_bread":32,"biomesoplenty:toadstool":1,"gobber2:gobber2_rod_nether":8,"relics:hunter_belt":3,"iceandfire:dragon_skull_fire":1,"minecraft:sand":25,"minecraft:ink_sac":5,"minecraft:cyan_bed":1,"minecraft:trapped_chest":1,"minecraft:barrel":1,"minecraft:diamond":3,"minecraft:granite":2,"scalinghealth:cursed_heart":1,"minecraft:oak_sapling":27,"minecraft:netherrack":2459,"relics:space_dissector":13,"iceandfire:raw_silver":29,"gobber2:gobber2_goo":33,"minecraft:diamond_pickaxe":1,"minecraft:crafting_table":6,"minecraft:azure_bluet":1,"iceandfire:troll_weapon_column":1,"relics:leather_belt":1,"minecraft:red_bed":1,"minecraft:blackstone":12,"minecraft:candle":1,"minecraft:beef":5,"minecraft:sugar_cane":7,"minecraft:birch_sapling":5,"relics:magma_walker":3,"minecraft:raw_iron":91,"iceandfire:dragonbone":7,"iceandfire:troll_tusk":2,"minecraft:fire_charge":2,"artifacts:vampiric_glove":1,"minecraft:polished_blackstone_bricks":2,"minecraft:redstone":14,"iceandfire:cyclops_eye":1,"minecraft:arrow":18,"gobber2:gobber2_gooey_beef_nether":4,"minecraft:gold_ingot":2,"relics:reflection_necklace":1,"minecraft:mutton":11,"minecraft:white_wool":10,"minecraft:skeleton_skull":2,"minecraft:basalt":1,"minecraft:glow_ink_sac":3,"gobber2:gobber2_gooey_beefstew":16,"minecraft:leather":14,"minecraft:oak_log":40,"scalinghealth:bandages":4,"minecraft:ancient_debris":1,"iceandfire:ectoplasm":3,"mca:book_romance":1,"scalinghealth:heart_crystal":4,"minecraft:paper":11,"minecraft:apple":3,"minecraft:stone_pickaxe":1,"gobber2:gobber2_gooey_beefstew_nether":1,"minecraft:iron_sword":1,"iceandfire:fire_dragon_flesh":6,"minecraft:soul_sand":28,"scalinghealth:heart_crystal_shard":15,"minecraft:sweet_berries":28,"minecraft:pumpkin":2,"minecraft:red_wool":2,"minecraft:quartz":26,"minecraft:gravel":6,"minecraft:blast_furnace":1,"minecraft:white_bed":2,"minecraft:spruce_log":16,"minecraft:spider_eye":4,"minecraft:pumpkin_seeds":1,"minecraft:slime_ball":5,"minecraft:iron_helmet":1,"minecraft:black_wool":1,"gobber2:gobber2_goo_nether":3,"minecraft:coal":97},"minecraft:dropped":{"minecraft:iron_sword":2,"minecraft:soul_sand":15,"minecraft:porkchop":2,"minecraft:glass_bottle":1,"minecraft:cooked_porkchop":7,"minecraft:leather":3,"biomesoplenty:rose_quartz_chunk":1,"iceandfire:ectoplasm":3,"biomesoplenty:fir_sapling":56,"minecraft:red_bed":1,"minecraft:mutton":11,"minecraft:gold_nugget":1,"minecraft:polished_blackstone_bricks":2,"minecraft:gold_ingot":3,"minecraft:bone":1,"minecraft:gravel":6,"biomesoplenty:toadstool":1,"minecraft:stone_axe":1,"minecraft:blackstone":12,"minecraft:sugar_cane":14,"minecraft:ancient_debris":1,"minecraft:cobbled_deepslate":16,"minecraft:nether_brick":3,"minecraft:rotten_flesh":36,"minecraft:oak_planks":6,"minecraft:glowstone_dust":6,"relics:space_dissector":1,"minecraft:azure_bluet":1,"minecraft:white_bed":1,"iceandfire:ghost_chest":1,"minecraft:skeleton_skull":2,"minecraft:chainmail_boots":1,"minecraft:beef":5,"minecraft:glass":7,"minecraft:written_book":1,"minecraft:netherrack":798,"minecraft:oak_slab":4,"minecraft:wheat_seeds":4,"biomesoplenty:lavender":4,"minecraft:iron_helmet":1,"minecraft:cobblestone":69,"minecraft:granite":2,"mca:book_romance":1,"relics:roller_skates":1,"minecraft:diorite":1,"minecraft:torch":2,"minecraft:fire_charge":2,"minecraft:potion":1,"minecraft:paper":11,"minecraft:string":5,"minecraft:trapped_chest":1,"minecraft:redstone":12,"minecraft:furnace":1,"minecraft:sweet_berries":28,"relics:hunter_belt":1,"minecraft:stone_sword":1,"gobber2:gobber2_gooey_beef":2,"minecraft:pumpkin_seeds":1,"minecraft:barrel":1,"minecraft:spider_eye":4,"minecraft:bow":1,"minecraft:stone_pickaxe":2,"minecraft:wooden_pickaxe":1,"minecraft:magma_cream":10,"minecraft:cyan_bed":1,"minecraft:black_wool":1},"minecraft:used":{"gobber2:gobber2_gooey_bread":12,"minecraft:chest":4,"minecraft:shield":6,"minecraft:iron_sword":85,"minecraft:glass":6,"minecraft:lantern":1,"minecraft:birch_sapling":5,"minecraft:bow":4,"minecraft:furnace":8,"minecraft:oak_sapling":27,"relics:researching_table":1,"minecraft:stone_pickaxe":58,"minecraft:ender_pearl":1,"minecraft:wooden_pickaxe":18,"minecraft:white_wool":2,"scalinghealth:cursed_heart":1,"gobber2:gobber2_gooey_bread_nether":5,"gobber2:gobber2_gooey_beefstew":1,"travelersbackpack:magma_cube":2,"gobber2:gobber2_staff_stars":336,"minecraft:experience_bottle":6,"minecraft:stone_sword":293,"minecraft:netherrack":14,"minecraft:torch":81,"minecraft:dirt":64,"scalinghealth:heart_crystal":4,"minecraft:iron_axe":28,"gobber2:gobber2_gooey_beef":8,"minecraft:basalt":1,"minecraft:pumpkin":2,"iceandfire:fire_dragon_flesh":5,"minecraft:crafting_table":10,"minecraft:white_bed":2,"minecraft:oak_log":5,"minecraft:diamond_pickaxe":897,"minecraft:apple":5,"minecraft:iron_pickaxe":2138,"gobber2:gobber2_gooey_beefstew_nether":1,"minecraft:stone_axe":9,"minecraft:cobblestone":67,"minecraft:potion":1,"minecraft:cooked_porkchop":4,"minecraft:bucket":2,"minecraft:wither_rose":2,"minecraft:candle":1,"gobber2:gobber2_gooey_beef_nether":4},"minecraft:mined":{"minecraft:white_bed":2,"iceandfire:graveyard_soil":1,"minecraft:obsidian":2,"minecraft:grass_block":9,"gobber2:gobber2_lucky_block":113,"minecraft:polished_blackstone_bricks":2,"minecraft:glowstone":4,"minecraft:iron_ore":89,"minecraft:fire":7,"biomesoplenty:lavender":4,"minecraft:pumpkin":2,"iceandfire:gold_pile":75,"biomesoplenty:webbing":3,"minecraft:deepslate_redstone_ore":1,"minecraft:red_bed":1,"scalinghealth:deepslate_heart_crystal_ore":6,"minecraft:torch":15,"minecraft:blast_furnace":1,"gobber2:gobber2_lucky_block_nether":23,"iceandfire:ghost_chest":1,"minecraft:nether_quartz_ore":24,"minecraft:cobblestone":2,"minecraft:wall_torch":7,"minecraft:skeleton_skull":1,"minecraft:birch_log":7,"biomesoplenty:large_rose_quartz_bud":1,"biomesoplenty:fir_log":458,"minecraft:wither_rose":2,"minecraft:grass":8,"minecraft:oak_log":40,"minecraft:sand":21,"minecraft:dirt":37,"minecraft:netherrack":2319,"minecraft:oak_leaves":2,"minecraft:deepslate":16,"minecraft:nether_gold_ore":16,"iceandfire:silver_ore":30,"minecraft:candle":1,"minecraft:glow_lichen":1,"minecraft:large_fern":1,"minecraft:furnace":5,"biomesoplenty:toadstool":2,"minecraft:deepslate_iron_ore":2,"minecraft:lantern":1,"minecraft:stone":343,"biomesoplenty:rose_quartz_cluster":1,"minecraft:basalt":1,"minecraft:crafting_table":6,"biomesoplenty:high_grass_plant":5,"minecraft:tall_grass":1,"biomesoplenty:sprout":1,"minecraft:lapis_ore":4,"minecraft:deepslate_gold_ore":4,"minecraft:diorite":29,"minecraft:sweet_berry_bush":6,"minecraft:spruce_log":21,"gobber2:gobber2_lucky_block_deepslate":5,"minecraft:coal_ore":44,"minecraft:gravel":8,"biomesoplenty:stringy_cobweb":2,"minecraft:cobweb":8,"minecraft:gold_ore":2,"minecraft:fern":2},"minecraft:broken":{"minecraft:bow":1,"minecraft:iron_axe":1,"minecraft:iron_pickaxe":8,"minecraft:iron_helmet":1},"minecraft:killed":{"minecraft:spider":4,"minecraft:skeleton":19,"minecraft:piglin_brute":1,"minecraft:pig":15,"minecraft:sheep":9,"minecraft:trader_llama":2,"minecraft:zombie":22,"minecraft:cow":5,"mca:female_zombie_villager":5,"mca:male_zombie_villager":3,"minecraft:slime":8,"iceandfire:fire_dragon":1,"mowziesmobs:grottol":3,"iceandfire:cyclops":1,"iceandfire:troll":1,"minecraft:wandering_trader":1,"minecraft:hoglin":1,"minecraft:squid":1,"iceandfire:ghost":1},"minecraft:crafted":{"minecraft:oak_planks":28,"minecraft:glass":25,"minecraft:iron_boots":2,"minecraft:chest":5,"minecraft:golden_boots":1,"minecraft:oak_slab":6,"minecraft:cooked_porkchop":30,"minecraft:crafting_table":4,"travelersbackpack:standard":2,"minecraft:wooden_pickaxe":1,"minecraft:iron_helmet":1,"minecraft:gold_block":10,"minecraft:birch_planks":28,"biomesoplenty:fir_planks":32,"minecraft:iron_chestplate":1,"minecraft:shield":1,"minecraft:stick":24,"minecraft:iron_pickaxe":8,"minecraft:iron_ingot":81,"minecraft:stone_sword":1,"minecraft:gold_ingot":109,"minecraft:furnace":3,"travelersbackpack:magma_cube":1,"travelersbackpack:white_sleeping_bag":1,"minecraft:iron_axe":2,"relics:researching_table":1,"minecraft:stone_pickaxe":1,"iceandfire:silver_ingot":12,"travelersbackpack:backpack_tank":2,"minecraft:iron_sword":1,"gobber2:gobber2_staff_stars":1,"minecraft:bucket":2,"minecraft:stone_axe":1,"minecraft:glowstone":1,"minecraft:air":0,"minecraft:iron_leggings":1,"minecraft:white_bed":1,"minecraft:torch":60},"minecraft:custom":{"minecraft:interact_with_crafting_table":69,"minecraft:open_barrel":76,"minecraft:leave_game":7,"minecraft:time_since_death":331402,"minecraft:sprint_one_cm":712244,"minecraft:damage_blocked_by_shield":260,"minecraft:drop":159,"minecraft:talked_to_villager":1,"minecraft:play_time":331402,"minecraft:jump":6631,"minecraft:walk_on_water_one_cm":50526,"minecraft:interact_with_furnace":74,"minecraft:interact_with_cartography_table":2,"minecraft:sleep_in_bed":8,"minecraft:damage_dealt":22446,"minecraft:crouch_one_cm":20997,"minecraft:interact_with_smithing_table":1,"minecraft:mob_kills":109,"minecraft:walk_one_cm":945814,"minecraft:sneak_time":5220,"minecraft:walk_under_water_one_cm":65149,"minecraft:interact_with_blast_furnace":2,"minecraft:total_world_time":331402,"minecraft:interact_with_grindstone":2,"minecraft:time_since_rest":24381,"minecraft:damage_taken":5833,"minecraft:trigger_trapped_chest":2,"minecraft:swim_one_cm":34755,"minecraft:fly_one_cm":1217458,"minecraft:open_chest":43,"minecraft:fall_one_cm":176988}},"DataVersion":3465}