{"stats":{"minecraft:crafted":{"minecraft:oak_planks":24,"minecraft:furnace":3,"travelersbackpack:magma_cube":1,"minecraft:glass":25,"travelersbackpack:white_sleeping_bag":1,"minecraft:iron_boots":2,"minecraft:iron_axe":2,"relics:researching_table":1,"minecraft:stone_pickaxe":1,"minecraft:chest":5,"minecraft:golden_boots":1,"minecraft:oak_slab":6,"iceandfire:silver_ingot":12,"minecraft:cooked_porkchop":30,"minecraft:crafting_table":3,"travelersbackpack:backpack_tank":2,"minecraft:iron_helmet":1,"minecraft:wooden_pickaxe":1,"travelersbackpack:standard":2,"minecraft:iron_sword":1,"gobber2:gobber2_staff_stars":1,"minecraft:gold_block":1,"minecraft:bucket":2,"minecraft:birch_planks":28,"minecraft:stone_axe":1,"minecraft:glowstone":1,"minecraft:air":0,"biomesoplenty:fir_planks":32,"minecraft:iron_chestplate":1,"minecraft:shield":1,"minecraft:stick":24,"minecraft:iron_ingot":81,"minecraft:iron_pickaxe":8,"minecraft:stone_sword":1,"minecraft:iron_leggings":1,"minecraft:gold_ingot":28,"minecraft:white_bed":1,"minecraft:torch":60},"minecraft:used":{"minecraft:stone_sword":177,"gobber2:gobber2_gooey_bread":12,"minecraft:chest":4,"minecraft:shield":6,"minecraft:iron_sword":85,"minecraft:netherrack":14,"minecraft:torch":79,"minecraft:dirt":62,"scalinghealth:heart_crystal":4,"minecraft:glass":6,"minecraft:lantern":1,"minecraft:iron_axe":1,"minecraft:birch_sapling":5,"gobber2:gobber2_gooey_beef":8,"minecraft:basalt":1,"minecraft:bow":4,"minecraft:oak_sapling":27,"minecraft:furnace":8,"minecraft:pumpkin":2,"relics:researching_table":1,"minecraft:ender_pearl":1,"minecraft:stone_pickaxe":58,"minecraft:wooden_pickaxe":18,"scalinghealth:cursed_heart":1,"minecraft:crafting_table":9,"minecraft:white_bed":2,"gobber2:gobber2_gooey_bread_nether":5,"minecraft:oak_log":5,"minecraft:diamond_pickaxe":895,"minecraft:apple":5,"gobber2:gobber2_gooey_beefstew":1,"minecraft:iron_pickaxe":2074,"gobber2:gobber2_gooey_beefstew_nether":1,"minecraft:stone_axe":9,"minecraft:cobblestone":36,"gobber2:gobber2_staff_stars":208,"minecraft:potion":1,"minecraft:cooked_porkchop":4,"minecraft:bucket":2,"minecraft:experience_bottle":6,"minecraft:wither_rose":2,"gobber2:gobber2_gooey_beef_nether":1},"minecraft:custom":{"minecraft:interact_with_smithing_table":1,"minecraft:mob_kills":79,"minecraft:interact_with_crafting_table":64,"minecraft:open_barrel":71,"minecraft:leave_game":7,"minecraft:time_since_death":277953,"minecraft:sprint_one_cm":513430,"minecraft:walk_one_cm":690691,"minecraft:damage_blocked_by_shield":260,"minecraft:drop":110,"minecraft:talked_to_villager":1,"minecraft:play_time":277953,"minecraft:sneak_time":4041,"minecraft:walk_under_water_one_cm":56027,"minecraft:jump":5509,"minecraft:interact_with_blast_furnace":2,"minecraft:walk_on_water_one_cm":38190,"minecraft:total_world_time":277953,"minecraft:interact_with_furnace":74,"minecraft:interact_with_cartography_table":2,"minecraft:interact_with_grindstone":2,"minecraft:sleep_in_bed":6,"minecraft:time_since_rest":3084,"minecraft:damage_taken":3844,"minecraft:trigger_trapped_chest":1,"minecraft:damage_dealt":14185,"minecraft:swim_one_cm":22261,"minecraft:fly_one_cm":955315,"minecraft:open_chest":30,"minecraft:crouch_one_cm":16431,"minecraft:fall_one_cm":140167},"minecraft:broken":{"minecraft:iron_axe":1,"minecraft:iron_pickaxe":8,"minecraft:bow":1},"minecraft:killed":{"mca:female_zombie_villager":5,"mca:male_zombie_villager":3,"minecraft:spider":2,"minecraft:slime":8,"minecraft:skeleton":11,"minecraft:piglin_brute":1,"minecraft:pig":15,"minecraft:wandering_trader":1,"minecraft:hoglin":1,"minecraft:sheep":9,"minecraft:trader_llama":2,"minecraft:zombie":12,"iceandfire:ghost":1,"minecraft:cow":5},"minecraft:picked_up":{"minecraft:crafting_table":6,"minecraft:azure_bluet":1,"minecraft:lead":2,"minecraft:wither_rose":2,"minecraft:potion":1,"minecraft:nether_brick":3,"minecraft:red_bed":1,"minecraft:string":7,"relics:leather_belt":1,"gobber2:gobber2_glass_nether":6,"minecraft:blackstone":12,"minecraft:gold_nugget":114,"minecraft:cobbled_deepslate":16,"minecraft:beef":5,"minecraft:sugar_cane":7,"minecraft:birch_sapling":5,"minecraft:iron_boots":1,"minecraft:furnace":5,"relics:magma_walker":3,"minecraft:raw_iron":86,"minecraft:stick":62,"iceandfire:ghost_chest":1,"minecraft:torch":23,"travelersbackpack:iron_tier_upgrade":1,"minecraft:fire_charge":2,"artifacts:vampiric_glove":1,"minecraft:porkchop":46,"minecraft:polished_blackstone_bricks":2,"minecraft:diorite":29,"minecraft:redstone":14,"gobber2:gobber2_foo":12,"minecraft:arrow":11,"minecraft:rotten_flesh":26,"biomesoplenty:rose_quartz_chunk":1,"gobber2:gobber2_gooey_beef_nether":4,"minecraft:gold_ingot":2,"relics:reflection_necklace":1,"minecraft:mutton":9,"minecraft:obsidian":1,"minecraft:skeleton_skull":2,"minecraft:white_wool":8,"minecraft:cobblestone":343,"minecraft:birch_log":7,"relics:roller_skates":2,"minecraft:basalt":1,"minecraft:leather":10,"gobber2:gobber2_gooey_beefstew":8,"biomesoplenty:fir_sapling":55,"biomesoplenty:fir_log":206,"minecraft:flint":1,"scalinghealth:bandages":4,"minecraft:oak_log":40,"minecraft:ancient_debris":1,"iceandfire:ectoplasm":3,"gobber2:gobber2_gooey_bread_nether":5,"scalinghealth:heart_crystal":4,"mca:book_romance":1,"minecraft:lapis_lazuli":28,"minecraft:dirt":62,"minecraft:paper":6,"minecraft:lantern":1,"minecraft:bone":16,"minecraft:apple":3,"minecraft:bow":2,"gobber2:gobber2_gooey_beef":10,"minecraft:wheat_seeds":2,"minecraft:raw_gold":11,"minecraft:stone_pickaxe":1,"gobber2:gobber2_gooey_beefstew_nether":1,"minecraft:glowstone_dust":11,"minecraft:oak_planks":2,"minecraft:soul_sand":28,"gobber2:gobber2_gooey_bread":19,"scalinghealth:heart_crystal_shard":15,"gobber2:gobber2_rod_nether":8,"minecraft:pumpkin":2,"minecraft:sweet_berries":28,"relics:hunter_belt":3,"minecraft:red_wool":2,"minecraft:quartz":26,"minecraft:gravel":6,"minecraft:sand":25,"minecraft:ink_sac":3,"minecraft:blast_furnace":1,"minecraft:white_bed":2,"minecraft:spider_eye":1,"minecraft:barrel":1,"minecraft:pumpkin_seeds":1,"minecraft:slime_ball":5,"minecraft:iron_helmet":1,"minecraft:granite":2,"scalinghealth:cursed_heart":1,"minecraft:oak_sapling":27,"minecraft:netherrack":2459,"minecraft:black_wool":1,"relics:space_dissector":9,"gobber2:gobber2_goo":23,"minecraft:coal":97,"gobber2:gobber2_goo_nether":3,"iceandfire:raw_silver":28,"minecraft:diamond_pickaxe":1},"minecraft:mined":{"minecraft:nether_gold_ore":16,"minecraft:white_bed":2,"iceandfire:graveyard_soil":1,"iceandfire:silver_ore":29,"minecraft:glow_lichen":1,"minecraft:grass_block":7,"gobber2:gobber2_lucky_block":69,"minecraft:large_fern":1,"minecraft:polished_blackstone_bricks":2,"minecraft:glowstone":4,"minecraft:furnace":5,"biomesoplenty:toadstool":1,"minecraft:iron_ore":84,"minecraft:fire":5,"minecraft:pumpkin":2,"minecraft:deepslate_iron_ore":2,"minecraft:lantern":1,"minecraft:stone":332,"biomesoplenty:rose_quartz_cluster":1,"minecraft:deepslate_redstone_ore":1,"minecraft:red_bed":1,"minecraft:basalt":1,"scalinghealth:deepslate_heart_crystal_ore":6,"minecraft:torch":14,"minecraft:crafting_table":6,"minecraft:blast_furnace":1,"iceandfire:ghost_chest":1,"gobber2:gobber2_lucky_block_nether":23,"minecraft:nether_quartz_ore":24,"minecraft:tall_grass":1,"biomesoplenty:high_grass_plant":5,"minecraft:cobblestone":2,"biomesoplenty:sprout":1,"minecraft:deepslate_gold_ore":4,"minecraft:lapis_ore":4,"minecraft:diorite":29,"minecraft:wall_torch":7,"minecraft:skeleton_skull":1,"minecraft:birch_log":7,"minecraft:sweet_berry_bush":6,"biomesoplenty:large_rose_quartz_bud":1,"gobber2:gobber2_lucky_block_deepslate":5,"biomesoplenty:fir_log":453,"minecraft:wither_rose":2,"minecraft:grass":5,"minecraft:coal_ore":44,"minecraft:oak_log":40,"minecraft:gravel":8,"minecraft:dirt":37,"minecraft:sand":21,"minecraft:cobweb":7,"minecraft:gold_ore":2,"minecraft:netherrack":2319,"minecraft:deepslate":16,"minecraft:fern":1},"minecraft:dropped":{"minecraft:oak_slab":4,"minecraft:soul_sand":15,"minecraft:porkchop":2,"minecraft:wheat_seeds":2,"minecraft:glass_bottle":1,"minecraft:cooked_porkchop":7,"minecraft:iron_helmet":1,"minecraft:cobblestone":21,"minecraft:leather":3,"biomesoplenty:rose_quartz_chunk":1,"minecraft:granite":2,"iceandfire:ectoplasm":3,"biomesoplenty:fir_sapling":55,"minecraft:red_bed":1,"mca:book_romance":1,"relics:roller_skates":1,"minecraft:diorite":1,"minecraft:torch":1,"minecraft:mutton":7,"minecraft:fire_charge":2,"minecraft:potion":1,"minecraft:gold_nugget":1,"minecraft:polished_blackstone_bricks":2,"minecraft:paper":6,"minecraft:string":2,"minecraft:redstone":12,"minecraft:gold_ingot":3,"minecraft:gravel":6,"minecraft:stone_axe":1,"minecraft:sweet_berries":28,"minecraft:blackstone":12,"minecraft:sugar_cane":14,"minecraft:ancient_debris":1,"relics:hunter_belt":1,"minecraft:stone_sword":1,"minecraft:cobbled_deepslate":16,"minecraft:nether_brick":3,"gobber2:gobber2_gooey_beef":2,"minecraft:rotten_flesh":21,"minecraft:oak_planks":6,"minecraft:glowstone_dust":6,"minecraft:azure_bluet":1,"minecraft:white_bed":1,"minecraft:pumpkin_seeds":1,"minecraft:skeleton_skull":1,"minecraft:spider_eye":1,"minecraft:barrel":1,"minecraft:bow":1,"minecraft:stone_pickaxe":2,"minecraft:glass":7,"minecraft:beef":5,"minecraft:wooden_pickaxe":1,"minecraft:magma_cream":10,"minecraft:written_book":1,"minecraft:netherrack":798,"minecraft:black_wool":1}},"DataVersion":3465}