{"stats":{"minecraft:crafted":{"minecraft:oak_planks":16,"minecraft:furnace":3,"travelersbackpack:magma_cube":1,"minecraft:glass":25,"travelersbackpack:white_sleeping_bag":1,"minecraft:iron_boots":2,"minecraft:iron_axe":1,"minecraft:stone_pickaxe":1,"minecraft:chest":1,"minecraft:golden_boots":1,"iceandfire:silver_ingot":8,"minecraft:cooked_porkchop":30,"minecraft:crafting_table":3,"travelersbackpack:standard":2,"travelersbackpack:backpack_tank":2,"minecraft:wooden_pickaxe":1,"minecraft:iron_helmet":1,"minecraft:iron_sword":1,"minecraft:bucket":2,"minecraft:birch_planks":28,"minecraft:stone_axe":1,"minecraft:air":0,"minecraft:iron_chestplate":1,"minecraft:shield":1,"minecraft:stick":24,"minecraft:iron_ingot":71,"minecraft:iron_pickaxe":8,"minecraft:stone_sword":1,"minecraft:gold_ingot":23,"minecraft:iron_leggings":1,"minecraft:white_bed":1,"minecraft:torch":56},"minecraft:broken":{"minecraft:iron_pickaxe":8,"minecraft:bow":1},"minecraft:custom":{"minecraft:interact_with_smithing_table":1,"minecraft:mob_kills":54,"minecraft:interact_with_crafting_table":52,"minecraft:open_barrel":60,"minecraft:leave_game":1,"minecraft:time_since_death":162248,"minecraft:sprint_one_cm":297763,"minecraft:walk_one_cm":390530,"minecraft:damage_blocked_by_shield":200,"minecraft:drop":84,"minecraft:play_time":162248,"minecraft:sneak_time":3407,"minecraft:walk_under_water_one_cm":37658,"minecraft:jump":3021,"minecraft:walk_on_water_one_cm":20189,"minecraft:total_world_time":162248,"minecraft:interact_with_furnace":58,"minecraft:sleep_in_bed":2,"minecraft:time_since_rest":137852,"minecraft:damage_taken":2360,"minecraft:trigger_trapped_chest":1,"minecraft:damage_dealt":8235,"minecraft:fly_one_cm":552943,"minecraft:swim_one_cm":16846,"minecraft:open_chest":8,"minecraft:crouch_one_cm":13371,"minecraft:fall_one_cm":79646},"minecraft:dropped":{"minecraft:soul_sand":15,"minecraft:wheat_seeds":2,"minecraft:glass_bottle":1,"minecraft:iron_helmet":1,"minecraft:cobblestone":21,"minecraft:leather":3,"biomesoplenty:rose_quartz_chunk":1,"minecraft:granite":2,"iceandfire:ectoplasm":3,"minecraft:red_bed":1,"minecraft:diorite":1,"minecraft:mutton":7,"minecraft:fire_charge":2,"minecraft:potion":1,"minecraft:gold_nugget":1,"minecraft:paper":6,"minecraft:string":1,"minecraft:gold_ingot":3,"minecraft:gravel":6,"minecraft:stone_axe":1,"minecraft:blackstone":12,"minecraft:sugar_cane":14,"minecraft:stone_sword":1,"minecraft:nether_brick":3,"minecraft:rotten_flesh":13,"minecraft:oak_planks":2,"minecraft:azure_bluet":1,"minecraft:white_bed":1,"minecraft:skeleton_skull":1,"minecraft:barrel":1,"minecraft:spider_eye":1,"minecraft:glass":7,"minecraft:bow":1,"minecraft:stone_pickaxe":2,"minecraft:beef":5,"minecraft:wooden_pickaxe":1,"minecraft:magma_cream":10,"minecraft:written_book":1,"minecraft:netherrack":793,"minecraft:black_wool":1},"minecraft:used":{"minecraft:stone_sword":91,"gobber2:gobber2_gooey_bread":12,"minecraft:shield":4,"minecraft:iron_sword":85,"minecraft:netherrack":14,"minecraft:torch":74,"minecraft:dirt":5,"scalinghealth:heart_crystal":2,"minecraft:glass":6,"minecraft:lantern":1,"minecraft:iron_axe":1,"minecraft:birch_sapling":5,"gobber2:gobber2_gooey_beef":6,"minecraft:bow":4,"minecraft:furnace":5,"minecraft:oak_sapling":27,"minecraft:pumpkin":2,"minecraft:stone_pickaxe":58,"minecraft:ender_pearl":1,"minecraft:wooden_pickaxe":18,"minecraft:crafting_table":6,"scalinghealth:cursed_heart":1,"minecraft:white_bed":2,"minecraft:oak_log":5,"minecraft:diamond_pickaxe":556,"minecraft:apple":3,"gobber2:gobber2_gooey_beefstew":1,"minecraft:iron_pickaxe":2001,"minecraft:stone_axe":9,"minecraft:cobblestone":21,"minecraft:potion":1,"minecraft:cooked_porkchop":4,"minecraft:bucket":2,"minecraft:wither_rose":2,"minecraft:experience_bottle":6},"minecraft:picked_up":{"minecraft:crafting_table":4,"minecraft:azure_bluet":1,"minecraft:wither_rose":2,"minecraft:potion":1,"minecraft:nether_brick":3,"minecraft:string":1,"minecraft:red_bed":1,"gobber2:gobber2_glass_nether":1,"minecraft:blackstone":12,"minecraft:gold_nugget":114,"minecraft:beef":5,"minecraft:sugar_cane":7,"minecraft:birch_sapling":5,"minecraft:iron_boots":1,"minecraft:furnace":5,"minecraft:stick":22,"minecraft:raw_iron":71,"iceandfire:ghost_chest":1,"travelersbackpack:iron_tier_upgrade":1,"minecraft:torch":18,"minecraft:fire_charge":2,"artifacts:vampiric_glove":1,"minecraft:porkchop":44,"minecraft:diorite":1,"gobber2:gobber2_foo":10,"minecraft:arrow":9,"minecraft:rotten_flesh":14,"biomesoplenty:rose_quartz_chunk":1,"minecraft:gold_ingot":2,"minecraft:obsidian":1,"minecraft:mutton":7,"minecraft:skeleton_skull":2,"minecraft:white_wool":6,"minecraft:cobblestone":120,"minecraft:birch_log":7,"minecraft:leather":8,"gobber2:gobber2_gooey_beefstew":4,"minecraft:flint":1,"minecraft:oak_log":40,"scalinghealth:bandages":4,"iceandfire:ectoplasm":3,"scalinghealth:heart_crystal":2,"minecraft:lapis_lazuli":28,"minecraft:dirt":49,"minecraft:paper":6,"minecraft:lantern":1,"minecraft:bone":14,"minecraft:apple":3,"minecraft:bow":2,"gobber2:gobber2_gooey_beef":8,"minecraft:wheat_seeds":2,"minecraft:raw_gold":11,"minecraft:stone_pickaxe":1,"minecraft:soul_sand":28,"minecraft:oak_planks":2,"gobber2:gobber2_gooey_bread":12,"scalinghealth:heart_crystal_shard":9,"gobber2:gobber2_rod_nether":1,"minecraft:pumpkin":2,"minecraft:quartz":26,"minecraft:gravel":6,"minecraft:sand":25,"minecraft:white_bed":2,"minecraft:spider_eye":1,"minecraft:barrel":1,"minecraft:slime_ball":5,"minecraft:iron_helmet":1,"minecraft:granite":2,"scalinghealth:cursed_heart":1,"minecraft:oak_sapling":27,"minecraft:netherrack":2428,"minecraft:black_wool":1,"minecraft:coal":95,"gobber2:gobber2_goo":15,"iceandfire:raw_silver":13,"minecraft:diamond_pickaxe":1},"minecraft:killed":{"minecraft:spider":1,"minecraft:slime":8,"minecraft:skeleton":8,"minecraft:piglin_brute":1,"minecraft:pig":15,"minecraft:sheep":7,"minecraft:zombie":7,"iceandfire:ghost":1,"minecraft:cow":5},"minecraft:mined":{"minecraft:nether_gold_ore":16,"minecraft:white_bed":2,"iceandfire:graveyard_soil":1,"iceandfire:silver_ore":13,"minecraft:grass_block":6,"gobber2:gobber2_lucky_block":45,"minecraft:large_fern":1,"minecraft:furnace":5,"minecraft:fire":5,"minecraft:iron_ore":69,"minecraft:pumpkin":2,"minecraft:deepslate_iron_ore":2,"minecraft:lantern":1,"minecraft:stone":110,"biomesoplenty:rose_quartz_cluster":1,"minecraft:red_bed":1,"minecraft:torch":14,"minecraft:crafting_table":4,"gobber2:gobber2_lucky_block_nether":2,"iceandfire:ghost_chest":1,"minecraft:nether_quartz_ore":24,"minecraft:tall_grass":1,"minecraft:deepslate_gold_ore":4,"biomesoplenty:sprout":1,"minecraft:lapis_ore":4,"minecraft:diorite":1,"minecraft:wall_torch":3,"minecraft:skeleton_skull":1,"minecraft:birch_log":7,"biomesoplenty:large_rose_quartz_bud":1,"gobber2:gobber2_lucky_block_deepslate":5,"minecraft:wither_rose":2,"minecraft:grass":2,"minecraft:coal_ore":42,"minecraft:oak_log":40,"minecraft:gravel":8,"minecraft:dirt":36,"minecraft:sand":21,"minecraft:cobweb":2,"minecraft:netherrack":2266,"minecraft:gold_ore":2}},"DataVersion":3465}