{"stats":{"minecraft:picked_up":{"minecraft:birch_log":34,"minecraft:stick":13,"minecraft:crafting_table":2,"minecraft:wheat":6,"minecraft:leather":8,"minecraft:dirt":1,"minecraft:rotten_flesh":2,"minecraft:wheat_seeds":16,"minecraft:beef":11,"scalinghealth:power_crystal_shard":3,"scalinghealth:cursed_heart":1,"minecraft:birch_sapling":13,"minecraft:coal":18,"minecraft:cobblestone":16,"minecraft:furnace":1},"minecraft:killed":{"minecraft:zombie":1,"minecraft:cow":5},"minecraft:mined":{"minecraft:furnace":1,"minecraft:birch_log":34,"minecraft:wheat":6,"minecraft:crafting_table":2,"minecraft:grass":1,"minecraft:coal_ore":10,"minecraft:stone":16,"minecraft:oak_leaves":1},"minecraft:used":{"minecraft:wheat_seeds":6,"minecraft:stone_pickaxe":24,"minecraft:wooden_pickaxe":3,"minecraft:stone_axe":14,"minecraft:torch":4,"minecraft:beef":3,"travelersbackpack:standard":1,"minecraft:crafting_table":2,"minecraft:furnace":1,"minecraft:cooked_beef":2},"minecraft:custom":{"minecraft:time_since_rest":1131,"minecraft:interact_with_furnace":2,"minecraft:sprint_one_cm":49129,"minecraft:damage_taken":245,"minecraft:walk_one_cm":47242,"minecraft:mob_kills":7,"minecraft:damage_dealt":663,"minecraft:swim_one_cm":2619,"minecraft:interact_with_crafting_table":4,"minecraft:fly_one_cm":40572,"minecraft:open_chest":9,"minecraft:crouch_one_cm":805,"minecraft:play_time":31213,"minecraft:sneak_time":525,"minecraft:walk_under_water_one_cm":433,"minecraft:jump":286,"minecraft:leave_game":1,"minecraft:walk_on_water_one_cm":2785,"minecraft:time_since_death":31213,"minecraft:sleep_in_bed":3,"minecraft:total_world_time":31213,"minecraft:fall_one_cm":8840},"minecraft:crafted":{"minecraft:cooked_beef":8,"minecraft:crafting_table":1,"minecraft:wooden_pickaxe":1,"minecraft:stone_pickaxe":1,"minecraft:furnace":1,"minecraft:torch":4,"minecraft:birch_planks":136,"minecraft:stone_axe":1,"minecraft:air":0}},"DataVersion":3465}