{"stats":{"minecraft:crafted":{"minecraft:cooked_beef":8,"minecraft:crafting_table":2,"minecraft:wooden_pickaxe":1,"minecraft:iron_sword":1,"minecraft:smithing_table":1,"minecraft:furnace":2,"minecraft:birch_planks":136,"minecraft:stone_axe":1,"travelersbackpack:bat":1,"minecraft:bread":2,"minecraft:air":0,"minecraft:diamond_pickaxe":1,"minecraft:shield":1,"minecraft:stick":4,"minecraft:iron_ingot":26,"minecraft:iron_pickaxe":3,"minecraft:stone_pickaxe":1,"minecraft:chest":1,"minecraft:gold_ingot":3,"minecraft:torch":8},"minecraft:custom":{"minecraft:interact_with_smithing_table":1,"minecraft:interact_with_furnace":14,"minecraft:mob_kills":37,"minecraft:interact_with_crafting_table":20,"minecraft:open_barrel":10,"minecraft:leave_game":2,"minecraft:time_since_death":170801,"minecraft:sleep_in_bed":4,"minecraft:time_since_rest":128288,"minecraft:sprint_one_cm":416256,"minecraft:damage_taken":2089,"minecraft:walk_one_cm":368134,"minecraft:damage_blocked_by_shield":260,"minecraft:drop":8,"minecraft:damage_dealt":4686,"minecraft:swim_one_cm":18651,"minecraft:fly_one_cm":251122,"minecraft:open_chest":20,"minecraft:crouch_one_cm":53322,"minecraft:play_time":170801,"minecraft:sneak_time":20050,"minecraft:walk_under_water_one_cm":5693,"minecraft:jump":2133,"minecraft:walk_on_water_one_cm":8082,"minecraft:total_world_time":170801,"minecraft:fall_one_cm":55105},"minecraft:broken":{"minecraft:stone_pickaxe":1,"minecraft:iron_pickaxe":1},"minecraft:dropped":{"minecraft:obsidian":1,"minecraft:potato":7,"minecraft:andesite":10,"minecraft:arrow":4,"minecraft:string":6},"minecraft:used":{"minecraft:oak_fence":5,"minecraft:wheat_seeds":7,"minecraft:birch_planks":18,"minecraft:stone_pickaxe":131,"gobber2:gobber2_gooey_bread":1,"minecraft:wooden_pickaxe":3,"minecraft:chest":1,"minecraft:shield":7,"minecraft:iron_sword":154,"travelersbackpack:bat":6,"minecraft:netherrack":36,"minecraft:torch":66,"minecraft:dirt":14,"minecraft:rail":1,"minecraft:crafting_table":11,"minecraft:tuff":28,"minecraft:granite":17,"minecraft:lava_bucket":1,"minecraft:bread":22,"minecraft:iron_pickaxe":492,"minecraft:gravel":1,"minecraft:stone_axe":32,"minecraft:cobblestone":66,"minecraft:beef":3,"travelersbackpack:standard":4,"minecraft:furnace":4,"minecraft:smithing_table":1,"minecraft:andesite":10,"minecraft:bucket":7,"minecraft:chest_minecart":1,"minecraft:cooked_beef":8,"minecraft:potato":1,"minecraft:cobbled_deepslate":2},"minecraft:picked_up":{"minecraft:birch_log":34,"minecraft:crafting_table":10,"minecraft:wheat":6,"minecraft:basalt":12,"minecraft:glow_ink_sac":3,"minecraft:chest_minecart":1,"minecraft:andesite":20,"gobber2:gobber2_gooey_beefstew":4,"minecraft:leather":8,"minecraft:smithing_table":1,"minecraft:potato":7,"minecraft:birch_planks":2,"minecraft:flint":1,"minecraft:tuff":29,"minecraft:lapis_lazuli":30,"minecraft:string":92,"minecraft:dirt":15,"minecraft:name_tag":1,"minecraft:bone":6,"gobber2:gobber2_gooey_beef":16,"minecraft:wheat_seeds":17,"minecraft:gold_nugget":33,"minecraft:cobbled_deepslate":142,"minecraft:raw_gold":37,"minecraft:beef":11,"scalinghealth:power_crystal_shard":10,"minecraft:birch_sapling":13,"gobber2:gobber2_gooey_bread":14,"minecraft:furnace":3,"minecraft:stick":13,"minecraft:raw_iron":65,"scalinghealth:heart_crystal_shard":4,"minecraft:oak_fence":5,"minecraft:torch":49,"minecraft:gravel":13,"minecraft:redstone":14,"minecraft:spider_eye":7,"gobber2:gobber2_foo":5,"minecraft:pumpkin_seeds":6,"minecraft:arrow":4,"minecraft:rotten_flesh":6,"minecraft:diamond":15,"minecraft:granite":18,"farmersdelight:rope":22,"minecraft:netherrack":65,"scalinghealth:cursed_heart":1,"minecraft:obsidian":1,"minecraft:coal":86,"gobber2:gobber2_goo":12,"minecraft:rail":13,"minecraft:cobblestone":133,"minecraft:ender_pearl":4},"minecraft:killed":{"minecraft:magma_cube":8,"minecraft:cave_spider":11,"minecraft:spider":1,"minecraft:skeleton":3,"minecraft:zombie":7,"minecraft:enderman":1,"minecraft:cow":5},"minecraft:mined":{"minecraft:deepslate_redstone_ore":3,"minecraft:tuff":31,"minecraft:deepslate_diamond_ore":12,"minecraft:basalt":6,"scalinghealth:deepslate_heart_crystal_ore":4,"minecraft:oak_fence":5,"minecraft:crafting_table":10,"minecraft:torch":4,"minecraft:granite":18,"minecraft:grass_block":1,"minecraft:cobblestone":1,"minecraft:deepslate_gold_ore":38,"minecraft:wall_torch":40,"minecraft:birch_planks":2,"minecraft:furnace":3,"minecraft:cobbled_deepslate":1,"minecraft:birch_log":34,"minecraft:iron_ore":12,"minecraft:fire":1,"minecraft:wheat":7,"minecraft:andesite":10,"gobber2:gobber2_lucky_block_deepslate":51,"minecraft:deepslate_lapis_ore":5,"minecraft:grass":1,"minecraft:coal_ore":34,"minecraft:rail":2,"scalinghealth:deepslate_power_crystal_ore":7,"minecraft:deepslate_iron_ore":40,"minecraft:gravel":13,"minecraft:dirt":13,"minecraft:cobweb":72,"minecraft:nether_gold_ore":8,"minecraft:stone":132,"minecraft:netherrack":65,"minecraft:smithing_table":1,"minecraft:oak_leaves":1,"minecraft:deepslate":140}},"DataVersion":3465}