{"stats":{"minecraft:picked_up":{"minecraft:beef":3,"minecraft:stick":13,"minecraft:leather":1,"minecraft:birch_sapling":13,"minecraft:birch_log":34},"minecraft:killed":{"minecraft:cow":1},"minecraft:mined":{"minecraft:birch_log":34},"minecraft:custom":{"minecraft:jump":78,"minecraft:time_since_rest":15213,"minecraft:damage_dealt":7,"minecraft:crouch_one_cm":340,"minecraft:walk_on_water_one_cm":268,"minecraft:sprint_one_cm":14509,"minecraft:play_time":15213,"minecraft:damage_taken":100,"minecraft:time_since_death":15213,"minecraft:walk_one_cm":5192,"minecraft:sneak_time":139,"minecraft:total_world_time":15213,"minecraft:walk_under_water_one_cm":59,"minecraft:mob_kills":1,"minecraft:swim_one_cm":2619,"minecraft:fall_one_cm":3904,"minecraft:fly_one_cm":12452}},"DataVersion":3465}