{"stats":{"minecraft:dropped":{"minecraft:cobblestone":1,"minecraft:granite":1,"biomesoplenty:rose_quartz_chunk":1,"minecraft:flint":4,"minecraft:cracked_polished_blackstone_bricks":6,"minecraft:dirt":1,"minecraft:fire_charge":3,"minecraft:string":8,"minecraft:bucket":2,"minecraft:gravel":24,"minecraft:cobbled_deepslate":12,"minecraft:obsidian":1,"minecraft:rotten_flesh":14,"minecraft:potato":7,"minecraft:andesite":12,"minecraft:barrel":1,"minecraft:arrow":6,"minecraft:magma_block":1,"minecraft:netherrack":988},"minecraft:picked_up":{"minecraft:crafting_table":18,"minecraft:wheat":25,"iceandfire:witherbone":3,"minecraft:anvil":1,"minecraft:chest_minecart":1,"minecraft:smithing_table":1,"minecraft:gold_block":19,"minecraft:string":92,"gobber2:gobber2_glass_nether":11,"minecraft:blackstone":29,"minecraft:gold_nugget":190,"minecraft:cobbled_deepslate":173,"minecraft:bucket":2,"minecraft:beef":11,"minecraft:birch_sapling":13,"minecraft:furnace":6,"minecraft:stick":13,"minecraft:raw_iron":129,"minecraft:oak_fence":5,"minecraft:torch":49,"minecraft:porkchop":2,"minecraft:fire_charge":3,"minecraft:polished_blackstone_bricks":22,"minecraft:redstone":14,"gobber2:gobber2_foo":7,"minecraft:arrow":11,"minecraft:rotten_flesh":27,"biomesoplenty:rose_quartz_chunk":5,"gobber2:gobber2_gooey_beef_nether":15,"minecraft:hay_block":7,"farmersdelight:rope":22,"minecraft:blaze_rod":2,"minecraft:obsidian":1,"minecraft:cobblestone":151,"minecraft:rail":13,"minecraft:birch_log":34,"minecraft:magma_block":7,"minecraft:basalt":12,"minecraft:magma_cream":11,"minecraft:glow_ink_sac":3,"minecraft:andesite":25,"gobber2:gobber2_gooey_beefstew":6,"minecraft:leather":8,"minecraft:potato":7,"minecraft:birch_planks":2,"minecraft:flint":4,"minecraft:tuff":33,"minecraft:ancient_debris":1,"minecraft:gunpowder":2,"gobber2:gobber2_gooey_bread_nether":11,"scalinghealth:heart_crystal":2,"minecraft:lapis_lazuli":30,"minecraft:dirt":24,"minecraft:name_tag":1,"minecraft:bone":24,"gobber2:gobber2_gooey_beef":19,"minecraft:wheat_seeds":71,"minecraft:raw_gold":38,"minecraft:iron_ingot":1,"scalinghealth:power_crystal_shard":10,"gobber2:gobber2_gooey_beefstew_nether":9,"artifacts:antidote_vessel":1,"gobber2:gobber2_gooey_bread":24,"scalinghealth:heart_crystal_shard":10,"gobber2:gobber2_rod_nether":10,"minecraft:pumpkin":9,"minecraft:quartz":3,"minecraft:gravel":25,"minecraft:barrel":1,"minecraft:spider_eye":7,"travelersbackpack:standard":1,"minecraft:pumpkin_seeds":6,"minecraft:diamond":29,"minecraft:cracked_polished_blackstone_bricks":6,"minecraft:granite":18,"scalinghealth:cursed_heart":1,"gobber2:gobber2_goo":21,"minecraft:netherrack":1570,"minecraft:coal":94,"gobber2:gobber2_goo_nether":11,"iceandfire:raw_silver":3,"minecraft:ender_pearl":4,"minecraft:diamond_pickaxe":1},"minecraft:used":{"minecraft:oak_fence":5,"gobber2:gobber2_gooey_bread":13,"minecraft:chest":1,"minecraft:shield":24,"minecraft:iron_sword":178,"travelersbackpack:bat":23,"minecraft:netherrack":198,"minecraft:torch":70,"minecraft:anvil":1,"scalinghealth:heart_crystal":2,"minecraft:dirt":22,"minecraft:tuff":32,"minecraft:granite":17,"minecraft:lava_bucket":1,"minecraft:iron_helmet":1,"gobber2:gobber2_bow_nether":55,"minecraft:beef":3,"minecraft:furnace":7,"biomesoplenty:rose_quartz_block":1,"ironchest:gold_chest":1,"minecraft:cooked_beef":8,"minecraft:potato":1,"minecraft:cobbled_deepslate":28,"minecraft:pumpkin":9,"minecraft:wheat_seeds":28,"minecraft:water_bucket":2,"minecraft:birch_planks":18,"minecraft:stone_pickaxe":131,"minecraft:blackstone":1,"minecraft:wooden_pickaxe":3,"minecraft:polished_blackstone_bricks":3,"minecraft:rail":1,"minecraft:crafting_table":19,"minecraft:diamond_pickaxe":1141,"minecraft:bread":47,"minecraft:iron_pickaxe":1452,"minecraft:gravel":1,"minecraft:stone_axe":50,"minecraft:diamond_sword":122,"minecraft:cobblestone":78,"travelersbackpack:magma_cube":11,"travelersbackpack:standard":4,"minecraft:porkchop":2,"minecraft:smithing_table":1,"minecraft:cooked_porkchop":3,"minecraft:andesite":12,"minecraft:bucket":8,"minecraft:chest_minecart":1},"minecraft:mined":{"minecraft:nether_gold_ore":48,"minecraft:tuff":35,"iceandfire:silver_ore":2,"minecraft:deepslate_diamond_ore":12,"minecraft:granite":19,"minecraft:grass_block":6,"gobber2:gobber2_lucky_block":14,"minecraft:cracked_polished_blackstone_bricks":5,"minecraft:hay_block":7,"minecraft:polished_blackstone_bricks":21,"minecraft:magma_block":6,"minecraft:furnace":6,"minecraft:iron_ore":44,"minecraft:cobbled_deepslate":1,"minecraft:fire":5,"minecraft:barrel":1,"minecraft:andesite":13,"minecraft:pumpkin":9,"minecraft:anvil":1,"minecraft:deepslate_lapis_ore":5,"minecraft:gold_block":18,"biomesoplenty:high_grass":6,"minecraft:deepslate_iron_ore":40,"minecraft:rail":2,"scalinghealth:deepslate_power_crystal_ore":7,"minecraft:stone":150,"biomesoplenty:rose_quartz_cluster":1,"minecraft:smithing_table":1,"minecraft:deepslate_redstone_ore":3,"minecraft:blackstone":36,"minecraft:crimson_nylium":1,"minecraft:basalt":6,"scalinghealth:deepslate_heart_crystal_ore":4,"minecraft:torch":4,"minecraft:oak_fence":5,"minecraft:crafting_table":18,"biomesoplenty:small_rose_quartz_bud":1,"gobber2:gobber2_lucky_block_nether":67,"biomesoplenty:high_grass_plant":5,"minecraft:nether_quartz_ore":3,"minecraft:cobblestone":1,"minecraft:deepslate_gold_ore":39,"minecraft:wall_torch":40,"minecraft:birch_planks":2,"minecraft:birch_log":34,"minecraft:wheat":28,"biomesoplenty:large_rose_quartz_bud":1,"gobber2:gobber2_lucky_block_deepslate":64,"minecraft:grass":1,"minecraft:coal_ore":34,"minecraft:gravel":13,"minecraft:dirt":17,"minecraft:cobweb":72,"minecraft:ancient_debris":1,"minecraft:netherrack":1822,"minecraft:oak_leaves":1,"minecraft:deepslate":172},"minecraft:broken":{"minecraft:leather_helmet":1,"minecraft:stone_pickaxe":1,"minecraft:leather_boots":1,"minecraft:iron_sword":1,"minecraft:iron_pickaxe":5},"minecraft:crafted":{"minecraft:furnace":2,"biomesoplenty:rose_quartz_block":1,"travelersbackpack:bat":1,"travelersbackpack:magma_cube":2,"minecraft:iron_boots":1,"minecraft:stone_pickaxe":1,"minecraft:chest":2,"minecraft:wheat":63,"minecraft:cooked_beef":8,"ironchest:gold_chest":1,"minecraft:diamond_sword":1,"minecraft:crafting_table":2,"minecraft:wooden_pickaxe":1,"minecraft:iron_helmet":1,"minecraft:iron_sword":1,"minecraft:smithing_table":1,"gobber2:gobber2_bow_nether":1,"minecraft:birch_planks":136,"minecraft:stone_axe":1,"minecraft:bread":29,"minecraft:air":0,"minecraft:iron_chestplate":1,"minecraft:golden_leggings":1,"minecraft:diamond_pickaxe":1,"minecraft:shield":1,"minecraft:stick":12,"minecraft:iron_ingot":77,"minecraft:iron_pickaxe":5,"minecraft:iron_block":3,"minecraft:gold_ingot":32,"minecraft:anvil":1,"minecraft:torch":8,"ironchest:iron_chest":1},"minecraft:killed":{"minecraft:cave_spider":11,"minecraft:spider":1,"minecraft:skeleton":9,"minecraft:piglin_brute":1,"minecraft:magma_cube":24,"mowziesmobs:grottol":14,"minecraft:piglin":3,"minecraft:hoglin":1,"minecraft:zombie":15,"minecraft:ghast":2,"minecraft:wither_skeleton":11,"minecraft:blaze":7,"minecraft:cow":5,"minecraft:enderman":1},"minecraft:custom":{"minecraft:interact_with_smithing_table":1,"minecraft:interact_with_anvil":1,"minecraft:mob_kills":106,"minecraft:interact_with_crafting_table":58,"minecraft:open_barrel":35,"minecraft:leave_game":4,"minecraft:time_since_death":339707,"minecraft:sprint_one_cm":860436,"minecraft:walk_one_cm":693671,"minecraft:damage_blocked_by_shield":770,"minecraft:drop":50,"minecraft:play_time":339707,"minecraft:sneak_time":33867,"minecraft:walk_under_water_one_cm":23661,"minecraft:interact_with_brewingstand":1,"minecraft:jump":4955,"minecraft:walk_on_water_one_cm":27890,"minecraft:total_world_time":339707,"minecraft:interact_with_furnace":51,"minecraft:sleep_in_bed":6,"minecraft:time_since_rest":66131,"minecraft:damage_taken":5594,"minecraft:damage_dealt":16846,"minecraft:swim_one_cm":33539,"minecraft:fly_one_cm":769751,"minecraft:open_chest":46,"minecraft:crouch_one_cm":106208,"minecraft:fall_one_cm":146404}},"DataVersion":3465}