{"stats":{"minecraft:crafted":{"minecraft:cooked_beef":8,"minecraft:crafting_table":2,"minecraft:wooden_pickaxe":1,"minecraft:iron_sword":1,"minecraft:furnace":2,"minecraft:birch_planks":136,"minecraft:stone_axe":1,"minecraft:bread":2,"minecraft:air":0,"minecraft:shield":1,"minecraft:iron_ingot":26,"minecraft:iron_pickaxe":2,"minecraft:stone_pickaxe":1,"minecraft:chest":1,"minecraft:torch":8},"minecraft:custom":{"minecraft:interact_with_furnace":13,"minecraft:mob_kills":25,"minecraft:interact_with_crafting_table":13,"minecraft:open_barrel":5,"minecraft:leave_game":2,"minecraft:time_since_death":128801,"minecraft:sleep_in_bed":4,"minecraft:time_since_rest":86288,"minecraft:sprint_one_cm":305999,"minecraft:damage_taken":922,"minecraft:walk_one_cm":274498,"minecraft:damage_blocked_by_shield":60,"minecraft:drop":3,"minecraft:damage_dealt":3586,"minecraft:swim_one_cm":18651,"minecraft:fly_one_cm":176737,"minecraft:open_chest":19,"minecraft:crouch_one_cm":28163,"minecraft:play_time":128801,"minecraft:sneak_time":13364,"minecraft:walk_under_water_one_cm":5693,"minecraft:jump":1345,"minecraft:walk_on_water_one_cm":7852,"minecraft:total_world_time":128801,"minecraft:fall_one_cm":33180},"minecraft:broken":{"minecraft:stone_pickaxe":1,"minecraft:iron_pickaxe":1},"minecraft:dropped":{"minecraft:potato":7,"minecraft:andesite":10,"minecraft:arrow":3},"minecraft:used":{"minecraft:oak_fence":5,"minecraft:wheat_seeds":7,"minecraft:birch_planks":18,"minecraft:stone_pickaxe":131,"gobber2:gobber2_gooey_bread":1,"minecraft:wooden_pickaxe":3,"minecraft:chest":1,"minecraft:shield":2,"minecraft:iron_sword":129,"travelersbackpack:bat":1,"minecraft:torch":65,"minecraft:dirt":14,"minecraft:rail":1,"minecraft:crafting_table":7,"minecraft:tuff":19,"minecraft:granite":17,"minecraft:bread":5,"minecraft:iron_pickaxe":348,"minecraft:gravel":1,"minecraft:stone_axe":27,"minecraft:cobblestone":5,"minecraft:beef":3,"travelersbackpack:standard":1,"minecraft:furnace":4,"minecraft:andesite":10,"minecraft:bucket":6,"minecraft:chest_minecart":1,"minecraft:cooked_beef":8,"minecraft:potato":1,"minecraft:cobbled_deepslate":1},"minecraft:picked_up":{"minecraft:birch_log":34,"minecraft:crafting_table":6,"minecraft:wheat":6,"minecraft:glow_ink_sac":3,"minecraft:chest_minecart":1,"minecraft:andesite":20,"gobber2:gobber2_gooey_beefstew":1,"minecraft:leather":8,"minecraft:potato":7,"minecraft:birch_planks":2,"minecraft:flint":1,"minecraft:tuff":25,"minecraft:lapis_lazuli":30,"minecraft:string":86,"minecraft:dirt":15,"minecraft:name_tag":1,"minecraft:bone":4,"gobber2:gobber2_gooey_beef":12,"minecraft:wheat_seeds":17,"minecraft:cobbled_deepslate":125,"minecraft:raw_gold":25,"minecraft:beef":11,"scalinghealth:power_crystal_shard":10,"minecraft:birch_sapling":13,"gobber2:gobber2_gooey_bread":11,"minecraft:furnace":3,"minecraft:stick":13,"minecraft:raw_iron":58,"scalinghealth:heart_crystal_shard":4,"minecraft:oak_fence":5,"minecraft:torch":47,"minecraft:gravel":13,"minecraft:redstone":14,"minecraft:spider_eye":6,"gobber2:gobber2_foo":2,"minecraft:pumpkin_seeds":6,"minecraft:arrow":3,"minecraft:rotten_flesh":2,"minecraft:diamond":10,"minecraft:granite":17,"farmersdelight:rope":22,"scalinghealth:cursed_heart":1,"minecraft:coal":86,"gobber2:gobber2_goo":5,"minecraft:rail":13,"minecraft:cobblestone":132,"minecraft:ender_pearl":1},"minecraft:killed":{"minecraft:cave_spider":11,"minecraft:skeleton":2,"minecraft:zombie":5,"minecraft:enderman":1,"minecraft:cow":5},"minecraft:mined":{"minecraft:deepslate_redstone_ore":3,"minecraft:tuff":27,"minecraft:deepslate_diamond_ore":10,"scalinghealth:deepslate_heart_crystal_ore":4,"minecraft:oak_fence":5,"minecraft:crafting_table":6,"minecraft:torch":4,"minecraft:granite":17,"minecraft:grass_block":1,"minecraft:cobblestone":1,"minecraft:deepslate_gold_ore":26,"minecraft:wall_torch":39,"minecraft:birch_planks":2,"minecraft:furnace":3,"minecraft:birch_log":34,"minecraft:iron_ore":9,"minecraft:wheat":7,"minecraft:andesite":10,"gobber2:gobber2_lucky_block_deepslate":31,"minecraft:deepslate_lapis_ore":5,"minecraft:grass":1,"minecraft:coal_ore":34,"minecraft:rail":2,"scalinghealth:deepslate_power_crystal_ore":7,"minecraft:deepslate_iron_ore":36,"minecraft:gravel":13,"minecraft:dirt":13,"minecraft:cobweb":72,"minecraft:stone":131,"minecraft:oak_leaves":1,"minecraft:deepslate":125}},"DataVersion":3465}