{"stats":{"minecraft:crafted":{"minecraft:furnace":2,"biomesoplenty:rose_quartz_block":1,"travelersbackpack:bat":1,"travelersbackpack:magma_cube":2,"minecraft:stone_pickaxe":1,"minecraft:chest":1,"minecraft:cooked_beef":8,"minecraft:diamond_sword":1,"minecraft:crafting_table":2,"minecraft:wooden_pickaxe":1,"minecraft:iron_sword":1,"minecraft:smithing_table":1,"minecraft:birch_planks":136,"minecraft:stone_axe":1,"minecraft:bread":2,"minecraft:air":0,"minecraft:diamond_pickaxe":1,"minecraft:golden_leggings":1,"minecraft:shield":1,"minecraft:stick":12,"minecraft:iron_ingot":26,"minecraft:iron_pickaxe":5,"minecraft:gold_ingot":7,"minecraft:torch":8},"minecraft:broken":{"minecraft:leather_helmet":1,"minecraft:stone_pickaxe":1,"minecraft:iron_sword":1,"minecraft:iron_pickaxe":5},"minecraft:custom":{"minecraft:interact_with_smithing_table":1,"minecraft:mob_kills":50,"minecraft:interact_with_crafting_table":38,"minecraft:open_barrel":20,"minecraft:leave_game":2,"minecraft:time_since_death":230801,"minecraft:sprint_one_cm":529036,"minecraft:walk_one_cm":487416,"minecraft:damage_blocked_by_shield":465,"minecraft:drop":37,"minecraft:play_time":230801,"minecraft:sneak_time":28059,"minecraft:walk_under_water_one_cm":5693,"minecraft:jump":3209,"minecraft:walk_on_water_one_cm":8082,"minecraft:total_world_time":230801,"minecraft:interact_with_furnace":14,"minecraft:sleep_in_bed":4,"minecraft:time_since_rest":188288,"minecraft:damage_taken":3570,"minecraft:damage_dealt":7002,"minecraft:fly_one_cm":401510,"minecraft:swim_one_cm":18651,"minecraft:open_chest":24,"minecraft:crouch_one_cm":86397,"minecraft:fall_one_cm":94283},"minecraft:dropped":{"biomesoplenty:rose_quartz_chunk":1,"minecraft:granite":1,"minecraft:flint":4,"minecraft:fire_charge":3,"minecraft:string":8,"minecraft:bucket":2,"minecraft:gravel":24,"minecraft:cobbled_deepslate":12,"minecraft:obsidian":1,"minecraft:rotten_flesh":11,"minecraft:potato":7,"minecraft:andesite":10,"minecraft:barrel":1,"minecraft:arrow":6,"minecraft:magma_block":1,"minecraft:netherrack":655},"minecraft:picked_up":{"minecraft:crafting_table":16,"minecraft:wheat":6,"minecraft:chest_minecart":1,"minecraft:smithing_table":1,"minecraft:gold_block":19,"minecraft:string":92,"gobber2:gobber2_glass_nether":9,"minecraft:blackstone":1,"minecraft:gold_nugget":190,"minecraft:cobbled_deepslate":142,"minecraft:bucket":2,"minecraft:beef":11,"minecraft:birch_sapling":13,"minecraft:furnace":3,"minecraft:raw_iron":65,"minecraft:stick":13,"minecraft:oak_fence":5,"minecraft:torch":49,"minecraft:porkchop":2,"minecraft:fire_charge":3,"minecraft:polished_blackstone_bricks":22,"minecraft:redstone":14,"gobber2:gobber2_foo":5,"minecraft:arrow":6,"minecraft:rotten_flesh":17,"biomesoplenty:rose_quartz_chunk":5,"gobber2:gobber2_gooey_beef_nether":11,"farmersdelight:rope":22,"minecraft:obsidian":1,"minecraft:rail":13,"minecraft:cobblestone":133,"minecraft:birch_log":34,"minecraft:magma_block":1,"minecraft:basalt":12,"minecraft:magma_cream":10,"minecraft:glow_ink_sac":3,"minecraft:andesite":20,"minecraft:leather":8,"gobber2:gobber2_gooey_beefstew":4,"minecraft:potato":7,"minecraft:birch_planks":2,"minecraft:flint":4,"minecraft:tuff":29,"minecraft:gunpowder":2,"gobber2:gobber2_gooey_bread_nether":9,"minecraft:lapis_lazuli":30,"minecraft:dirt":15,"minecraft:name_tag":1,"minecraft:bone":6,"gobber2:gobber2_gooey_beef":16,"minecraft:wheat_seeds":17,"minecraft:raw_gold":37,"scalinghealth:power_crystal_shard":10,"gobber2:gobber2_gooey_beefstew_nether":7,"gobber2:gobber2_gooey_bread":15,"scalinghealth:heart_crystal_shard":4,"gobber2:gobber2_rod_nether":7,"minecraft:quartz":1,"minecraft:gravel":25,"minecraft:spider_eye":7,"minecraft:barrel":1,"travelersbackpack:standard":1,"minecraft:pumpkin_seeds":6,"minecraft:diamond":15,"minecraft:cracked_polished_blackstone_bricks":6,"minecraft:granite":18,"scalinghealth:cursed_heart":1,"gobber2:gobber2_goo_nether":10,"minecraft:netherrack":1022,"minecraft:coal":91,"gobber2:gobber2_goo":12,"minecraft:diamond_pickaxe":1,"minecraft:ender_pearl":4},"minecraft:used":{"minecraft:oak_fence":5,"gobber2:gobber2_gooey_bread":9,"minecraft:chest":1,"minecraft:shield":14,"minecraft:iron_sword":178,"travelersbackpack:bat":7,"minecraft:netherrack":189,"minecraft:torch":66,"minecraft:dirt":14,"minecraft:tuff":28,"minecraft:granite":17,"minecraft:lava_bucket":1,"minecraft:beef":3,"minecraft:furnace":4,"biomesoplenty:rose_quartz_block":1,"minecraft:cooked_beef":8,"minecraft:potato":1,"minecraft:cobbled_deepslate":2,"minecraft:wheat_seeds":7,"minecraft:birch_planks":18,"minecraft:stone_pickaxe":131,"minecraft:blackstone":1,"minecraft:wooden_pickaxe":3,"minecraft:polished_blackstone_bricks":3,"minecraft:rail":1,"minecraft:crafting_table":17,"minecraft:diamond_pickaxe":271,"minecraft:bread":22,"minecraft:iron_pickaxe":1255,"minecraft:gravel":1,"minecraft:stone_axe":39,"minecraft:diamond_sword":22,"travelersbackpack:magma_cube":2,"minecraft:cobblestone":66,"travelersbackpack:standard":4,"minecraft:porkchop":2,"minecraft:smithing_table":1,"minecraft:bucket":8,"minecraft:andesite":10,"minecraft:chest_minecart":1},"minecraft:killed":{"minecraft:cave_spider":11,"minecraft:spider":1,"minecraft:skeleton":4,"minecraft:piglin_brute":1,"minecraft:magma_cube":13,"minecraft:piglin":3,"minecraft:hoglin":1,"minecraft:zombie":7,"minecraft:ghast":2,"minecraft:enderman":1,"minecraft:cow":5},"minecraft:mined":{"minecraft:nether_gold_ore":48,"minecraft:tuff":31,"minecraft:deepslate_diamond_ore":12,"minecraft:granite":18,"minecraft:grass_block":1,"minecraft:cracked_polished_blackstone_bricks":5,"minecraft:polished_blackstone_bricks":21,"minecraft:furnace":3,"minecraft:fire":4,"minecraft:iron_ore":12,"minecraft:cobbled_deepslate":1,"minecraft:barrel":1,"minecraft:andesite":10,"minecraft:deepslate_lapis_ore":5,"minecraft:gold_block":18,"minecraft:deepslate_iron_ore":40,"minecraft:rail":2,"scalinghealth:deepslate_power_crystal_ore":7,"biomesoplenty:rose_quartz_cluster":1,"minecraft:stone":132,"minecraft:smithing_table":1,"minecraft:deepslate_redstone_ore":3,"minecraft:blackstone":8,"minecraft:basalt":6,"scalinghealth:deepslate_heart_crystal_ore":4,"minecraft:oak_fence":5,"minecraft:crafting_table":16,"biomesoplenty:small_rose_quartz_bud":1,"minecraft:torch":4,"gobber2:gobber2_lucky_block_nether":53,"minecraft:nether_quartz_ore":1,"minecraft:cobblestone":1,"minecraft:deepslate_gold_ore":38,"minecraft:wall_torch":40,"minecraft:birch_planks":2,"minecraft:birch_log":34,"minecraft:wheat":7,"biomesoplenty:large_rose_quartz_bud":1,"gobber2:gobber2_lucky_block_deepslate":51,"minecraft:grass":1,"minecraft:coal_ore":34,"minecraft:gravel":13,"minecraft:dirt":13,"minecraft:cobweb":72,"minecraft:netherrack":947,"minecraft:oak_leaves":1,"minecraft:deepslate":140}},"DataVersion":3465}