{"stats":{"minecraft:crafted":{"minecraft:furnace":2,"travelersbackpack:bat":1,"travelersbackpack:magma_cube":1,"minecraft:stone_pickaxe":1,"minecraft:chest":1,"minecraft:cooked_beef":8,"minecraft:crafting_table":2,"minecraft:wooden_pickaxe":1,"minecraft:iron_sword":1,"minecraft:smithing_table":1,"minecraft:birch_planks":136,"minecraft:stone_axe":1,"minecraft:bread":2,"minecraft:air":0,"minecraft:diamond_pickaxe":1,"minecraft:golden_leggings":1,"minecraft:shield":1,"minecraft:stick":8,"minecraft:iron_ingot":26,"minecraft:iron_pickaxe":5,"minecraft:gold_ingot":7,"minecraft:torch":8},"minecraft:broken":{"minecraft:stone_pickaxe":1,"minecraft:iron_sword":1,"minecraft:iron_pickaxe":5},"minecraft:custom":{"minecraft:interact_with_smithing_table":1,"minecraft:mob_kills":44,"minecraft:interact_with_crafting_table":34,"minecraft:open_barrel":20,"minecraft:leave_game":2,"minecraft:time_since_death":206801,"minecraft:sprint_one_cm":462576,"minecraft:walk_one_cm":439165,"minecraft:damage_blocked_by_shield":290,"minecraft:drop":35,"minecraft:play_time":206801,"minecraft:sneak_time":26041,"minecraft:walk_under_water_one_cm":5693,"minecraft:jump":2507,"minecraft:walk_on_water_one_cm":8082,"minecraft:total_world_time":206801,"minecraft:interact_with_furnace":14,"minecraft:sleep_in_bed":4,"minecraft:time_since_rest":164288,"minecraft:damage_taken":2880,"minecraft:damage_dealt":5676,"minecraft:fly_one_cm":306288,"minecraft:swim_one_cm":18651,"minecraft:open_chest":20,"minecraft:crouch_one_cm":79876,"minecraft:fall_one_cm":67163},"minecraft:dropped":{"biomesoplenty:rose_quartz_chunk":1,"minecraft:granite":1,"minecraft:flint":4,"minecraft:fire_charge":3,"minecraft:string":8,"minecraft:bucket":2,"minecraft:gravel":24,"minecraft:obsidian":1,"minecraft:rotten_flesh":11,"minecraft:potato":7,"minecraft:andesite":10,"minecraft:barrel":1,"minecraft:arrow":6,"minecraft:magma_block":1,"minecraft:netherrack":591},"minecraft:picked_up":{"minecraft:crafting_table":14,"minecraft:wheat":6,"minecraft:chest_minecart":1,"minecraft:smithing_table":1,"minecraft:string":92,"gobber2:gobber2_glass_nether":9,"minecraft:blackstone":1,"minecraft:gold_nugget":190,"minecraft:cobbled_deepslate":142,"minecraft:bucket":2,"minecraft:beef":11,"minecraft:birch_sapling":13,"minecraft:furnace":3,"minecraft:raw_iron":65,"minecraft:stick":13,"minecraft:oak_fence":5,"minecraft:torch":49,"minecraft:fire_charge":3,"minecraft:polished_blackstone_bricks":1,"minecraft:redstone":14,"gobber2:gobber2_foo":5,"minecraft:arrow":6,"minecraft:rotten_flesh":17,"biomesoplenty:rose_quartz_chunk":5,"gobber2:gobber2_gooey_beef_nether":8,"farmersdelight:rope":22,"minecraft:obsidian":1,"minecraft:rail":13,"minecraft:cobblestone":133,"minecraft:birch_log":34,"minecraft:magma_block":1,"minecraft:basalt":12,"minecraft:magma_cream":10,"minecraft:glow_ink_sac":3,"minecraft:andesite":20,"minecraft:leather":8,"gobber2:gobber2_gooey_beefstew":4,"minecraft:potato":7,"minecraft:birch_planks":2,"minecraft:flint":4,"minecraft:tuff":29,"gobber2:gobber2_gooey_bread_nether":9,"minecraft:lapis_lazuli":30,"minecraft:dirt":15,"minecraft:name_tag":1,"minecraft:bone":6,"gobber2:gobber2_gooey_beef":16,"minecraft:wheat_seeds":17,"minecraft:raw_gold":37,"scalinghealth:power_crystal_shard":10,"gobber2:gobber2_gooey_beefstew_nether":7,"gobber2:gobber2_gooey_bread":15,"scalinghealth:heart_crystal_shard":4,"gobber2:gobber2_rod_nether":6,"minecraft:quartz":1,"minecraft:gravel":25,"minecraft:spider_eye":7,"minecraft:barrel":1,"minecraft:pumpkin_seeds":6,"minecraft:diamond":15,"minecraft:cracked_polished_blackstone_bricks":1,"minecraft:granite":18,"scalinghealth:cursed_heart":1,"gobber2:gobber2_goo_nether":7,"minecraft:netherrack":994,"minecraft:coal":91,"gobber2:gobber2_goo":12,"minecraft:diamond_pickaxe":1,"minecraft:ender_pearl":4},"minecraft:used":{"minecraft:oak_fence":5,"gobber2:gobber2_gooey_bread":6,"minecraft:chest":1,"minecraft:shield":8,"minecraft:iron_sword":178,"travelersbackpack:bat":6,"minecraft:netherrack":119,"minecraft:torch":66,"minecraft:dirt":14,"minecraft:tuff":28,"minecraft:granite":17,"minecraft:lava_bucket":1,"minecraft:beef":3,"minecraft:furnace":4,"minecraft:cooked_beef":8,"minecraft:potato":1,"minecraft:cobbled_deepslate":2,"minecraft:wheat_seeds":7,"minecraft:birch_planks":18,"minecraft:stone_pickaxe":131,"minecraft:wooden_pickaxe":3,"minecraft:rail":1,"minecraft:crafting_table":16,"minecraft:diamond_pickaxe":209,"minecraft:bread":22,"minecraft:iron_pickaxe":1255,"minecraft:gravel":1,"minecraft:stone_axe":37,"minecraft:cobblestone":66,"travelersbackpack:standard":4,"minecraft:smithing_table":1,"minecraft:bucket":7,"minecraft:andesite":10,"minecraft:chest_minecart":1},"minecraft:killed":{"minecraft:cave_spider":11,"minecraft:spider":1,"minecraft:skeleton":4,"minecraft:magma_cube":13,"minecraft:zombie":7,"minecraft:ghast":1,"minecraft:enderman":1,"minecraft:cow":5},"minecraft:mined":{"minecraft:nether_gold_ore":48,"minecraft:tuff":31,"minecraft:deepslate_diamond_ore":12,"minecraft:granite":18,"minecraft:grass_block":1,"minecraft:furnace":3,"minecraft:fire":2,"minecraft:iron_ore":12,"minecraft:cobbled_deepslate":1,"minecraft:barrel":1,"minecraft:andesite":10,"minecraft:deepslate_lapis_ore":5,"minecraft:deepslate_iron_ore":40,"minecraft:rail":2,"scalinghealth:deepslate_power_crystal_ore":7,"biomesoplenty:rose_quartz_cluster":1,"minecraft:stone":132,"minecraft:smithing_table":1,"minecraft:deepslate_redstone_ore":3,"minecraft:blackstone":1,"minecraft:basalt":6,"scalinghealth:deepslate_heart_crystal_ore":4,"minecraft:oak_fence":5,"minecraft:crafting_table":14,"biomesoplenty:small_rose_quartz_bud":1,"minecraft:torch":4,"gobber2:gobber2_lucky_block_nether":46,"minecraft:nether_quartz_ore":1,"minecraft:cobblestone":1,"minecraft:deepslate_gold_ore":38,"minecraft:wall_torch":40,"minecraft:birch_planks":2,"minecraft:birch_log":34,"minecraft:wheat":7,"biomesoplenty:large_rose_quartz_bud":1,"gobber2:gobber2_lucky_block_deepslate":51,"minecraft:grass":1,"minecraft:coal_ore":34,"minecraft:gravel":13,"minecraft:dirt":13,"minecraft:cobweb":72,"minecraft:netherrack":944,"minecraft:oak_leaves":1,"minecraft:deepslate":140}},"DataVersion":3465}