{"stats":{"minecraft:broken":{"minecraft:leather_helmet":1,"minecraft:golden_leggings":1,"minecraft:stone_pickaxe":1,"minecraft:diamond_pickaxe":1,"minecraft:leather_boots":1,"minecraft:iron_sword":1,"minecraft:iron_pickaxe":6,"minecraft:iron_helmet":1},"minecraft:crafted":{"minecraft:furnace":2,"biomesoplenty:rose_quartz_block":1,"travelersbackpack:bat":1,"travelersbackpack:magma_cube":2,"minecraft:iron_boots":1,"minecraft:stone_pickaxe":1,"minecraft:chest":2,"minecraft:wheat":63,"minecraft:cooked_beef":8,"ironchest:gold_chest":1,"minecraft:diamond_sword":1,"minecraft:crafting_table":2,"minecraft:wooden_pickaxe":1,"minecraft:iron_helmet":1,"minecraft:iron_sword":1,"minecraft:smithing_table":1,"gobber2:gobber2_bow_nether":1,"minecraft:birch_planks":136,"minecraft:stone_axe":1,"minecraft:bread":29,"minecraft:air":0,"minecraft:iron_chestplate":1,"minecraft:golden_leggings":2,"minecraft:diamond_pickaxe":1,"minecraft:shield":1,"minecraft:stick":12,"minecraft:iron_ingot":77,"minecraft:iron_pickaxe":5,"minecraft:iron_block":3,"minecraft:gold_ingot":32,"minecraft:anvil":1,"minecraft:torch":8,"ironchest:iron_chest":1},"minecraft:picked_up":{"minecraft:crafting_table":19,"minecraft:wheat":25,"iceandfire:witherbone":4,"minecraft:anvil":1,"minecraft:chest_minecart":1,"minecraft:smithing_table":1,"minecraft:gold_block":19,"minecraft:polished_blackstone_brick_stairs":1,"minecraft:string":92,"gobber2:gobber2_glass_nether":20,"minecraft:blackstone":31,"minecraft:gold_nugget":200,"minecraft:cobbled_deepslate":173,"minecraft:bucket":2,"minecraft:beef":11,"minecraft:birch_sapling":13,"minecraft:furnace":6,"minecraft:stick":13,"minecraft:raw_iron":129,"minecraft:oak_fence":5,"minecraft:torch":49,"minecraft:porkchop":6,"minecraft:fire_charge":3,"minecraft:polished_blackstone_bricks":34,"minecraft:redstone":14,"gobber2:gobber2_foo":7,"gobber2:gobber2_globette_nether":1,"minecraft:arrow":13,"minecraft:rotten_flesh":27,"biomesoplenty:rose_quartz_chunk":6,"gobber2:gobber2_gooey_beef_nether":34,"minecraft:hay_block":7,"farmersdelight:rope":22,"minecraft:gold_ingot":19,"minecraft:blaze_rod":2,"minecraft:obsidian":1,"minecraft:rail":13,"minecraft:cobblestone":151,"minecraft:birch_log":34,"minecraft:magma_block":7,"minecraft:basalt":12,"minecraft:magma_cream":11,"minecraft:glow_ink_sac":3,"minecraft:andesite":25,"gobber2:gobber2_gooey_beefstew":6,"minecraft:leather":10,"minecraft:potato":7,"minecraft:birch_planks":2,"minecraft:flint":4,"minecraft:tuff":33,"minecraft:ancient_debris":1,"minecraft:gunpowder":3,"gobber2:gobber2_gooey_bread_nether":16,"scalinghealth:heart_crystal":3,"minecraft:lapis_lazuli":30,"minecraft:dirt":24,"minecraft:name_tag":1,"minecraft:bone":26,"gobber2:gobber2_gooey_beef":19,"minecraft:wheat_seeds":71,"minecraft:raw_gold":38,"minecraft:iron_ingot":1,"scalinghealth:power_crystal_shard":10,"endermanoverhaul:warped_pearl":2,"gobber2:gobber2_gooey_beefstew_nether":11,"artifacts:antidote_vessel":1,"gobber2:gobber2_gooey_bread":24,"scalinghealth:heart_crystal_shard":10,"minecraft:warped_fungus":1,"gobber2:gobber2_rod_nether":20,"minecraft:pumpkin":9,"minecraft:quartz":5,"minecraft:gravel":25,"endermanoverhaul:soul_pearl":1,"minecraft:spider_eye":7,"minecraft:barrel":1,"travelersbackpack:standard":1,"minecraft:pumpkin_seeds":6,"minecraft:diamond":29,"waystones:waystone":1,"minecraft:cracked_polished_blackstone_bricks":10,"minecraft:granite":18,"scalinghealth:cursed_heart":1,"minecraft:warped_roots":3,"minecraft:netherrack":1972,"gobber2:gobber2_goo":21,"minecraft:crimson_roots":3,"minecraft:coal":95,"gobber2:gobber2_goo_nether":21,"iceandfire:raw_silver":3,"minecraft:ender_pearl":4,"minecraft:diamond_pickaxe":1},"minecraft:mined":{"minecraft:nether_gold_ore":51,"minecraft:tuff":35,"iceandfire:silver_ore":2,"minecraft:deepslate_diamond_ore":12,"minecraft:granite":19,"biomesoplenty:bramble":3,"minecraft:grass_block":6,"gobber2:gobber2_lucky_block":14,"minecraft:cracked_polished_blackstone_bricks":9,"minecraft:crimson_roots":1,"biomesoplenty:bramble_leaves":4,"minecraft:hay_block":7,"minecraft:polished_blackstone_bricks":33,"minecraft:magma_block":6,"minecraft:furnace":6,"minecraft:iron_ore":44,"minecraft:cobbled_deepslate":1,"minecraft:fire":9,"minecraft:barrel":1,"minecraft:andesite":13,"minecraft:pumpkin":9,"minecraft:anvil":1,"minecraft:deepslate_lapis_ore":5,"minecraft:gold_block":18,"biomesoplenty:high_grass":6,"minecraft:deepslate_iron_ore":40,"minecraft:rail":2,"scalinghealth:deepslate_power_crystal_ore":7,"minecraft:stone":150,"biomesoplenty:rose_quartz_cluster":1,"minecraft:smithing_table":1,"minecraft:deepslate_redstone_ore":3,"minecraft:blackstone":38,"minecraft:crimson_nylium":8,"minecraft:basalt":6,"scalinghealth:deepslate_heart_crystal_ore":4,"minecraft:oak_fence":5,"biomesoplenty:brimstone_fumarole":1,"biomesoplenty:small_rose_quartz_bud":1,"minecraft:crafting_table":19,"minecraft:torch":4,"minecraft:warped_roots":2,"gobber2:gobber2_lucky_block_nether":111,"biomesoplenty:high_grass_plant":5,"minecraft:nether_quartz_ore":5,"minecraft:cobblestone":1,"minecraft:deepslate_gold_ore":39,"minecraft:polished_blackstone_brick_stairs":1,"minecraft:wall_torch":40,"minecraft:birch_planks":2,"minecraft:warped_nylium":5,"minecraft:birch_log":34,"minecraft:wheat":28,"biomesoplenty:large_rose_quartz_bud":1,"gobber2:gobber2_lucky_block_deepslate":64,"minecraft:grass":1,"minecraft:coal_ore":34,"minecraft:gravel":13,"minecraft:dirt":17,"minecraft:cobweb":72,"minecraft:ancient_debris":1,"minecraft:netherrack":2205,"minecraft:deepslate":172,"minecraft:oak_leaves":1},"minecraft:custom":{"minecraft:interact_with_smithing_table":1,"minecraft:interact_with_anvil":1,"minecraft:mob_kills":123,"minecraft:interact_with_crafting_table":61,"minecraft:open_barrel":41,"minecraft:leave_game":5,"minecraft:time_since_death":409048,"minecraft:climb_one_cm":3137,"minecraft:sprint_one_cm":1034619,"minecraft:walk_one_cm":841735,"minecraft:damage_blocked_by_shield":1110,"minecraft:drop":62,"minecraft:play_time":409048,"minecraft:sneak_time":45775,"minecraft:walk_under_water_one_cm":23661,"minecraft:interact_with_brewingstand":1,"minecraft:jump":6471,"minecraft:walk_on_water_one_cm":27890,"minecraft:total_world_time":409048,"minecraft:interact_with_furnace":51,"minecraft:sleep_in_bed":6,"minecraft:time_since_rest":135472,"minecraft:damage_taken":8600,"minecraft:damage_dealt":23722,"minecraft:swim_one_cm":33539,"minecraft:fly_one_cm":1002639,"minecraft:open_chest":49,"minecraft:crouch_one_cm":148963,"minecraft:fall_one_cm":192442},"minecraft:used":{"minecraft:oak_fence":5,"gobber2:gobber2_gooey_bread":13,"minecraft:chest":1,"minecraft:shield":37,"minecraft:iron_sword":178,"travelersbackpack:bat":47,"minecraft:netherrack":605,"minecraft:torch":70,"scalinghealth:heart_crystal":3,"minecraft:anvil":1,"minecraft:dirt":22,"minecraft:tuff":32,"minecraft:granite":17,"minecraft:lava_bucket":1,"minecraft:iron_helmet":1,"gobber2:gobber2_bow_nether":90,"minecraft:crimson_roots":3,"minecraft:beef":3,"minecraft:warped_fungus":1,"minecraft:furnace":7,"biomesoplenty:rose_quartz_block":1,"ironchest:gold_chest":1,"minecraft:potato":1,"minecraft:cooked_beef":8,"minecraft:cobbled_deepslate":28,"minecraft:pumpkin":9,"minecraft:wheat_seeds":28,"minecraft:water_bucket":2,"minecraft:birch_planks":18,"minecraft:stone_pickaxe":131,"minecraft:blackstone":1,"minecraft:wooden_pickaxe":3,"minecraft:warped_roots":2,"minecraft:polished_blackstone_bricks":4,"minecraft:rail":1,"minecraft:crafting_table":20,"minecraft:diamond_pickaxe":1554,"minecraft:bread":59,"minecraft:iron_pickaxe":1505,"minecraft:gravel":1,"minecraft:golden_leggings":1,"minecraft:stone_axe":54,"minecraft:diamond_sword":217,"travelersbackpack:magma_cube":11,"minecraft:cobblestone":78,"travelersbackpack:standard":4,"minecraft:andesite":12,"minecraft:porkchop":2,"minecraft:smithing_table":1,"minecraft:cooked_porkchop":3,"minecraft:bucket":8,"gobber2:gobber2_gooey_beef_nether":10,"minecraft:chest_minecart":1},"minecraft:killed":{"minecraft:cave_spider":11,"minecraft:spider":1,"minecraft:skeleton":11,"endermanoverhaul:soulsand_valley_enderman":1,"minecraft:piglin_brute":1,"minecraft:magma_cube":24,"minecraft:piglin":3,"mowziesmobs:grottol":14,"endermanoverhaul:warped_forest_enderman":3,"minecraft:hoglin":6,"endermanoverhaul:spirit":3,"minecraft:zombie":15,"minecraft:ghast":3,"minecraft:wither_skeleton":12,"minecraft:cow":5,"minecraft:enderman":1,"minecraft:blaze":7},"minecraft:dropped":{"minecraft:porkchop":4,"minecraft:cobblestone":1,"minecraft:warped_roots":1,"biomesoplenty:rose_quartz_chunk":2,"minecraft:granite":1,"minecraft:flint":4,"minecraft:cracked_polished_blackstone_bricks":6,"minecraft:dirt":1,"gobber2:gobber2_goo_nether":1,"minecraft:fire_charge":3,"minecraft:string":8,"minecraft:bucket":2,"minecraft:gravel":24,"minecraft:cobbled_deepslate":12,"minecraft:obsidian":1,"minecraft:rotten_flesh":14,"minecraft:potato":7,"minecraft:andesite":12,"gobber2:gobber2_gooey_beef_nether":11,"minecraft:barrel":1,"minecraft:arrow":6,"minecraft:magma_block":1,"minecraft:netherrack":1077}},"DataVersion":3465}