{"stats":{"minecraft:crafted":{"minecraft:cooked_beef":8,"minecraft:crafting_table":2,"minecraft:wooden_pickaxe":1,"minecraft:iron_sword":1,"minecraft:furnace":2,"minecraft:birch_planks":136,"minecraft:stone_axe":1,"minecraft:bread":2,"minecraft:air":0,"minecraft:shield":1,"minecraft:iron_ingot":26,"minecraft:iron_pickaxe":2,"minecraft:stone_pickaxe":1,"minecraft:chest":1,"minecraft:torch":8},"minecraft:custom":{"minecraft:interact_with_furnace":13,"minecraft:mob_kills":14,"minecraft:interact_with_crafting_table":13,"minecraft:open_barrel":5,"minecraft:leave_game":2,"minecraft:time_since_death":104801,"minecraft:sleep_in_bed":4,"minecraft:time_since_rest":62288,"minecraft:sprint_one_cm":186964,"minecraft:damage_taken":823,"minecraft:walk_one_cm":206000,"minecraft:damage_blocked_by_shield":60,"minecraft:drop":3,"minecraft:damage_dealt":2287,"minecraft:swim_one_cm":18651,"minecraft:fly_one_cm":162008,"minecraft:open_chest":19,"minecraft:crouch_one_cm":24247,"minecraft:play_time":104801,"minecraft:sneak_time":12051,"minecraft:walk_under_water_one_cm":5693,"minecraft:jump":1129,"minecraft:walk_on_water_one_cm":7852,"minecraft:total_world_time":104801,"minecraft:fall_one_cm":31945},"minecraft:broken":{"minecraft:stone_pickaxe":1,"minecraft:iron_pickaxe":1},"minecraft:dropped":{"minecraft:potato":7,"minecraft:andesite":10,"minecraft:arrow":3},"minecraft:used":{"minecraft:wheat_seeds":7,"minecraft:birch_planks":18,"minecraft:stone_pickaxe":131,"gobber2:gobber2_gooey_bread":1,"minecraft:wooden_pickaxe":3,"minecraft:chest":1,"minecraft:shield":2,"minecraft:iron_sword":59,"minecraft:torch":53,"minecraft:dirt":14,"minecraft:rail":1,"minecraft:crafting_table":7,"minecraft:tuff":9,"minecraft:granite":17,"minecraft:bread":1,"minecraft:iron_pickaxe":279,"minecraft:stone_axe":22,"minecraft:cobblestone":5,"minecraft:beef":3,"travelersbackpack:standard":1,"minecraft:furnace":4,"minecraft:andesite":10,"minecraft:bucket":6,"minecraft:chest_minecart":1,"minecraft:cooked_beef":8,"minecraft:potato":1,"minecraft:cobbled_deepslate":1},"minecraft:picked_up":{"minecraft:birch_log":34,"minecraft:crafting_table":6,"minecraft:wheat":6,"minecraft:glow_ink_sac":3,"minecraft:chest_minecart":1,"minecraft:andesite":20,"minecraft:leather":8,"minecraft:potato":7,"minecraft:birch_planks":2,"minecraft:tuff":24,"minecraft:lapis_lazuli":30,"minecraft:string":31,"minecraft:dirt":15,"minecraft:name_tag":1,"minecraft:bone":4,"gobber2:gobber2_gooey_beef":8,"minecraft:wheat_seeds":17,"minecraft:cobbled_deepslate":91,"minecraft:raw_gold":22,"minecraft:beef":11,"scalinghealth:power_crystal_shard":5,"minecraft:birch_sapling":13,"gobber2:gobber2_gooey_bread":4,"minecraft:furnace":3,"minecraft:stick":13,"minecraft:raw_iron":56,"scalinghealth:heart_crystal_shard":4,"minecraft:torch":43,"minecraft:gravel":1,"minecraft:redstone":14,"gobber2:gobber2_foo":1,"minecraft:pumpkin_seeds":6,"minecraft:arrow":3,"minecraft:rotten_flesh":2,"minecraft:diamond":6,"minecraft:granite":17,"farmersdelight:rope":22,"scalinghealth:cursed_heart":1,"minecraft:coal":86,"minecraft:rail":12,"minecraft:cobblestone":132,"minecraft:ender_pearl":1},"minecraft:killed":{"minecraft:skeleton":2,"minecraft:zombie":5,"minecraft:enderman":1,"minecraft:cow":5},"minecraft:mined":{"minecraft:deepslate_redstone_ore":3,"minecraft:tuff":26,"minecraft:deepslate_diamond_ore":6,"scalinghealth:deepslate_heart_crystal_ore":4,"minecraft:crafting_table":6,"minecraft:torch":1,"minecraft:granite":17,"minecraft:grass_block":1,"minecraft:cobblestone":1,"minecraft:deepslate_gold_ore":22,"minecraft:wall_torch":38,"minecraft:birch_planks":2,"minecraft:furnace":3,"minecraft:birch_log":34,"minecraft:iron_ore":9,"minecraft:wheat":7,"minecraft:andesite":10,"gobber2:gobber2_lucky_block_deepslate":13,"minecraft:deepslate_lapis_ore":5,"minecraft:grass":1,"minecraft:coal_ore":34,"minecraft:rail":2,"scalinghealth:deepslate_power_crystal_ore":2,"minecraft:deepslate_iron_ore":34,"minecraft:gravel":1,"minecraft:dirt":13,"minecraft:cobweb":32,"minecraft:stone":131,"minecraft:oak_leaves":1,"minecraft:deepslate":90}},"DataVersion":3465}